timestamp_hour,date,hour_eat,battery_soc_percent,battery_power_w,pv_dc_power_w,pv_ac_power_w,fronius_pv_power_w,ac_load_w,fronius_consumption_w,voltage_avg_v,system_alarm_count,slot_color,source
2025-06-01T00:00:00,2025-06-01,0,65.5,-1785.25,,,,1570.0,329.98,240.05,4,red,victron+fronius
2025-06-01T01:00:00,2025-06-01,1,62.0,-1584.5,,,,1391.5,329.98,239.95,4,red,victron+fronius
2025-06-01T02:00:00,2025-06-01,2,59.25,-1545.25,,,,1338.5,329.98,239.98,4,red,victron+fronius
2025-06-01T03:00:00,2025-06-01,3,56.5,-1422.0,,,,1238.0,329.98,240.1,4,red,victron+fronius
2025-06-01T04:00:00,2025-06-01,4,54.0,-1366.0,,,,1171.5,329.98,240.02,4,red,victron+fronius
2025-06-01T05:00:00,2025-06-01,5,51.25,-1310.25,,,,1144.25,329.98,239.87,4,red,victron+fronius
2025-06-01T06:00:00,2025-06-01,6,49.15,-1312.8,5.89,4.13,,1142.8,269.16,239.93,55,red,victron+fronius
2025-06-01T07:00:00,2025-06-01,7,47.5,1032.75,1449.5,1255.5,,1539.75,240.67,239.88,4,orange,victron+fronius
2025-06-01T08:00:00,2025-06-01,8,53.5,5361.75,3737.5,3639.25,,1796.75,286.67,239.97,4,orange,victron+fronius
2025-06-01T09:00:00,2025-06-01,9,67.25,9063.5,5601.75,5753.75,,1982.25,278.0,239.79,4,orange,victron+fronius
2025-06-01T10:00:00,2025-06-01,10,86.25,10733.5,6811.0,7362.0,,2710.25,457.67,240.13,4,green,victron+fronius
2025-06-01T11:00:00,2025-06-01,11,98.0,4434.86,5103.57,2922.86,,3244.57,504.67,239.96,7,green,victron+fronius
2025-06-01T12:00:00,2025-06-01,12,99.0,12.5,1029.5,2401.25,,3126.0,542.67,240.17,4,green,victron+fronius
2025-06-01T13:00:00,2025-06-01,13,99.0,-18.0,,3061.5,,2750.25,498.67,239.95,4,green,victron+fronius
2025-06-01T14:00:00,2025-06-01,14,99.0,81.25,145.75,2829.5,,2438.0,442.0,239.92,4,green,victron+fronius
2025-06-01T15:00:00,2025-06-01,15,99.0,-116.75,460.5,2904.25,,3094.5,518.0,239.85,4,green,victron+fronius
2025-06-01T16:00:00,2025-06-01,16,99.0,-38.5,706.75,2801.75,,3188.75,599.0,239.94,4,orange,victron+fronius
2025-06-01T17:00:00,2025-06-01,17,98.88,-760.12,1123.88,1372.12,,2884.0,491.0,240.0,8,red,victron+fronius
2025-06-01T18:00:00,2025-06-01,18,93.38,-3952.45,5.88,7.48,,3471.22,493.67,239.99,64,red,victron+fronius
2025-06-01T19:00:00,2025-06-01,19,91.15,-3844.88,,,,3355.85,438.29,239.98,40,red,victron+fronius
2025-06-01T20:00:00,2025-06-01,20,81.0,-4249.75,,,,3769.0,362.94,240.08,4,red,victron+fronius
2025-06-01T21:00:00,2025-06-01,21,73.0,-3826.75,,,,3407.25,362.94,239.88,4,red,victron+fronius
2025-06-01T22:00:00,2025-06-01,22,66.0,-3287.75,,,,2927.5,362.94,239.95,4,red,victron+fronius
2025-06-01T23:00:00,2025-06-01,23,60.25,-2571.0,,,,2296.5,362.94,240.02,4,red,victron+fronius
2025-06-02T00:00:00,2025-06-02,0,56.0,-1863.75,,,,1661.25,362.94,240.01,4,red,victron+fronius
2025-06-02T01:00:00,2025-06-02,1,53.0,-1464.0,,,,1289.5,362.94,239.99,4,red,victron+fronius
2025-06-02T02:00:00,2025-06-02,2,50.25,-1370.0,,,,1200.25,362.94,239.97,4,red,victron+fronius
2025-06-02T03:00:00,2025-06-02,3,48.0,-1281.25,,,,1107.25,362.94,239.95,4,red,victron+fronius
2025-06-02T04:00:00,2025-06-02,4,45.25,-1243.0,,,,1104.5,362.94,240.08,4,red,victron+fronius
2025-06-02T05:00:00,2025-06-02,5,43.0,-1249.25,,,,1088.5,362.94,239.92,4,red,victron+fronius
2025-06-02T06:00:00,2025-06-02,6,40.88,-1427.54,1.28,1.25,,1259.96,260.93,239.97,57,red,victron+fronius
2025-06-02T07:00:00,2025-06-02,7,38.5,-470.25,424.75,363.25,,1123.0,161.67,239.9,4,orange,victron+fronius
2025-06-02T08:00:00,2025-06-02,8,40.5,2284.25,1938.0,1784.0,,1258.0,203.67,239.88,4,orange,victron+fronius
2025-06-02T09:00:00,2025-06-02,9,48.25,8037.5,5057.25,4889.25,,1580.0,257.0,239.98,4,orange,victron+fronius
2025-06-02T10:00:00,2025-06-02,10,66.75,12315.25,6964.0,7464.25,,1473.75,250.33,240.07,4,green,victron+fronius
2025-06-02T11:00:00,2025-06-02,11,92.57,12198.29,7797.29,7518.43,,2656.43,303.33,240.0,7,green,victron+fronius
2025-06-02T12:00:00,2025-06-02,12,99.0,1341.2,2093.2,1865.4,,2168.6,321.0,239.95,5,green,victron+fronius
2025-06-02T13:00:00,2025-06-02,13,99.0,-12.25,,2137.75,,1895.25,357.0,240.01,4,green,victron+fronius
2025-06-02T14:00:00,2025-06-02,14,99.0,-321.75,,2165.75,,2230.25,358.0,239.96,4,green,victron+fronius
2025-06-02T15:00:00,2025-06-02,15,99.0,31.5,,2182.5,,1928.25,333.33,239.88,4,green,victron+fronius
2025-06-02T16:00:00,2025-06-02,16,99.0,163.25,437.5,2516.0,,2458.5,420.33,240.02,4,orange,victron+fronius
2025-06-02T17:00:00,2025-06-02,17,99.0,-433.5,666.5,1331.62,,2200.75,382.0,240.21,8,red,victron+fronius
2025-06-02T18:00:00,2025-06-02,18,94.58,-3292.97,2.62,2.93,,2882.49,444.67,239.97,73,red,victron+fronius
2025-06-02T19:00:00,2025-06-02,19,92.08,-3869.51,,,,3423.32,429.92,239.98,37,red,victron+fronius
2025-06-02T20:00:00,2025-06-02,20,82.5,-3273.75,,,,2929.25,358.88,239.92,4,red,victron+fronius
2025-06-02T21:00:00,2025-06-02,21,76.0,-3696.5,,,,3317.0,358.88,240.11,4,red,victron+fronius
2025-06-02T22:00:00,2025-06-02,22,69.25,-3116.0,,,,2810.0,358.88,239.92,4,red,victron+fronius
2025-06-02T23:00:00,2025-06-02,23,64.5,-2086.0,,,,1850.25,358.88,240.04,4,red,victron+fronius
2025-06-03T00:00:00,2025-06-03,0,60.5,-1896.5,,,,1683.5,358.88,240.1,4,red,victron+fronius
2025-06-03T01:00:00,2025-06-03,1,57.25,-1662.0,,,,1462.0,358.88,240.0,4,red,victron+fronius
2025-06-03T02:00:00,2025-06-03,2,54.0,-1513.75,,,,1312.25,358.88,240.03,4,red,victron+fronius
2025-06-03T03:00:00,2025-06-03,3,51.25,-1398.5,,,,1220.0,358.88,239.97,4,red,victron+fronius
2025-06-03T04:00:00,2025-06-03,4,48.75,-1463.75,,,,1261.5,358.88,240.05,4,red,victron+fronius
2025-06-03T05:00:00,2025-06-03,5,45.5,-1652.0,,,,1465.5,358.88,240.03,4,red,victron+fronius
2025-06-03T06:00:00,2025-06-03,6,42.67,-1940.32,3.95,3.62,,1725.28,309.66,240.0,57,red,victron+fronius
2025-06-03T07:00:00,2025-06-03,7,40.0,357.5,1334.5,1141.5,,1994.5,325.67,239.86,4,orange,victron+fronius
2025-06-03T08:00:00,2025-06-03,8,45.0,4754.25,3586.0,3408.0,,1988.0,306.33,239.85,4,orange,victron+fronius
2025-06-03T09:00:00,2025-06-03,9,58.0,8613.25,5243.25,5432.0,,1759.25,290.67,239.88,4,orange,victron+fronius
2025-06-03T10:00:00,2025-06-03,10,76.5,11363.25,6579.0,7121.0,,1914.5,333.0,239.88,4,green,victron+fronius
2025-06-03T11:00:00,2025-06-03,11,94.55,11238.9,6601.15,7032.15,,2075.65,325.67,239.92,20,green,victron+fronius
2025-06-03T12:00:00,2025-06-03,12,99.0,56.25,52.25,2072.25,,1805.0,316.67,239.85,4,green,victron+fronius
2025-06-03T13:00:00,2025-06-03,13,99.0,-11.0,,2117.0,,1884.0,322.67,239.97,4,green,victron+fronius
2025-06-03T14:00:00,2025-06-03,14,99.0,-35.75,,2177.0,,1979.0,379.67,239.92,4,green,victron+fronius
2025-06-03T15:00:00,2025-06-03,15,99.0,458.0,442.75,2652.75,,2494.0,396.0,240.11,4,green,victron+fronius
2025-06-03T16:00:00,2025-06-03,16,99.0,144.25,11.0,2237.0,,1870.0,336.67,239.88,4,orange,victron+fronius
2025-06-03T17:00:00,2025-06-03,17,99.0,-734.43,605.29,675.0,,1795.0,307.0,240.0,7,red,victron+fronius
2025-06-03T18:00:00,2025-06-03,18,95.03,-3057.86,4.7,5.67,,2696.25,364.33,240.01,69,red,victron+fronius
2025-06-03T19:00:00,2025-06-03,19,92.93,-3680.93,,,,3265.5,554.0,239.94,30,red,victron+fronius
2025-06-03T20:00:00,2025-06-03,20,83.0,-3911.5,,,,3534.0,,239.94,4,red,victron
2025-06-03T21:00:00,2025-06-03,21,76.0,-4345.0,,,,3913.5,,239.88,4,red,victron
2025-06-03T22:00:00,2025-06-03,22,69.0,-3022.5,,,,2704.0,,239.98,4,red,victron
2025-06-03T23:00:00,2025-06-03,23,64.0,-2258.5,,,,1997.0,,239.94,4,red,victron
2025-06-04T00:00:00,2025-06-04,0,60.5,-1695.25,,,,1493.0,352.17,239.97,4,red,victron+fronius
2025-06-04T01:00:00,2025-06-04,1,57.25,-1425.5,,,,1258.0,352.17,240.1,4,red,victron+fronius
2025-06-04T02:00:00,2025-06-04,2,54.75,-1349.0,,,,1181.5,352.17,240.01,4,red,victron+fronius
2025-06-04T03:00:00,2025-06-04,3,52.0,-1304.25,,,,1144.0,352.17,239.94,4,red,victron+fronius
2025-06-04T04:00:00,2025-06-04,4,49.5,-1399.75,,,,1223.75,352.17,239.92,4,red,victron+fronius
2025-06-04T05:00:00,2025-06-04,5,47.0,-1347.75,,,,1199.0,352.17,240.08,4,red,victron+fronius
2025-06-04T06:00:00,2025-06-04,6,44.78,-1354.42,2.97,2.41,,1197.9,241.45,239.97,60,red,victron+fronius
2025-06-04T07:00:00,2025-06-04,7,43.0,42.5,772.5,702.25,,1241.0,214.33,239.94,4,orange,victron+fronius
2025-06-04T08:00:00,2025-06-04,8,47.0,4808.5,3166.0,3317.75,,1533.5,270.0,239.83,4,orange,victron+fronius
2025-06-04T09:00:00,2025-06-04,9,56.75,7087.5,4441.5,4543.5,,1589.5,280.67,240.02,4,orange,victron+fronius
2025-06-04T10:00:00,2025-06-04,10,66.0,3984.0,2858.75,2869.0,,1586.25,271.0,240.02,4,green,victron+fronius
2025-06-04T11:00:00,2025-06-04,11,72.0,2662.5,2347.75,2259.25,,1559.5,329.0,240.01,4,green,victron+fronius
2025-06-04T12:00:00,2025-06-04,12,78.5,4600.0,3441.5,3313.0,,1928.25,308.33,239.91,4,green,victron+fronius
2025-06-04T13:00:00,2025-06-04,13,94.5,9079.62,6444.75,6132.12,,3096.25,537.67,239.99,8,green,victron+fronius
2025-06-04T14:00:00,2025-06-04,14,99.0,184.5,1320.25,2522.0,,3384.75,495.0,240.46,4,green,victron+fronius
2025-06-04T15:00:00,2025-06-04,15,99.0,-11.0,,2527.25,,2125.75,393.67,239.97,4,green,victron+fronius
2025-06-04T16:00:00,2025-06-04,16,99.0,96.0,320.5,1912.0,,1799.25,323.33,240.01,4,orange,victron+fronius
2025-06-04T17:00:00,2025-06-04,17,99.0,140.2,1119.6,1166.5,,1940.27,293.67,239.97,30,red,victron+fronius
2025-06-04T18:00:00,2025-06-04,18,96.29,-2349.32,4.21,4.52,,2117.36,326.33,239.96,66,red,victron+fronius
2025-06-04T19:00:00,2025-06-04,19,94.33,-3484.28,,,,3177.45,370.88,240.0,40,red,victron+fronius
2025-06-04T20:00:00,2025-06-04,20,86.0,-3093.5,,,,2793.25,311.82,239.82,4,red,victron+fronius
2025-06-04T21:00:00,2025-06-04,21,80.0,-2918.5,,,,2626.75,311.82,240.17,4,red,victron+fronius
2025-06-04T22:00:00,2025-06-04,22,75.0,-2429.5,,,,2219.25,311.82,239.93,4,red,victron+fronius
2025-06-04T23:00:00,2025-06-04,23,70.5,-2011.0,,,,1810.25,311.82,240.07,4,red,victron+fronius
2025-06-05T00:00:00,2025-06-05,0,67.25,-1669.75,,,,1492.75,311.82,240.07,4,red,victron+fronius
2025-06-05T01:00:00,2025-06-05,1,64.25,-1429.75,,,,1256.0,311.82,240.03,4,red,victron+fronius
2025-06-05T02:00:00,2025-06-05,2,61.75,-1384.5,,,,1226.5,311.82,240.1,4,red,victron+fronius
2025-06-05T03:00:00,2025-06-05,3,59.0,-1393.5,,,,1222.75,311.82,239.93,4,red,victron+fronius
2025-06-05T04:00:00,2025-06-05,4,56.75,-1397.0,,,,1245.0,311.82,239.92,4,red,victron+fronius
2025-06-05T05:00:00,2025-06-05,5,54.0,-1444.5,,,,1294.75,311.82,240.1,4,red,victron+fronius
2025-06-05T06:00:00,2025-06-05,6,51.17,-1527.31,3.95,2.93,,1363.16,249.21,240.02,58,red,victron+fronius
2025-06-05T07:00:00,2025-06-05,7,50.0,799.25,1245.75,1175.0,,1500.25,214.0,240.26,4,orange,victron+fronius
2025-06-05T08:00:00,2025-06-05,8,55.25,4925.5,3392.5,3388.75,,1568.5,270.0,240.04,4,orange,victron+fronius
2025-06-05T09:00:00,2025-06-05,9,68.0,8241.0,5162.0,5560.25,,2109.25,356.67,239.82,4,orange,victron+fronius
2025-06-05T10:00:00,2025-06-05,10,86.25,10572.0,6502.25,7091.5,,2315.75,443.33,239.93,4,green,victron+fronius
2025-06-05T11:00:00,2025-06-05,11,97.09,8088.0,5864.27,5437.09,,2538.73,483.33,239.93,11,green,victron+fronius
2025-06-05T12:00:00,2025-06-05,12,99.0,-87.8,249.6,2472.67,,1750.4,451.0,239.91,5,green,victron+fronius
2025-06-05T13:00:00,2025-06-05,13,99.0,-271.5,6.75,2503.5,,2560.75,402.33,239.97,4,green,victron+fronius
2025-06-05T14:00:00,2025-06-05,14,99.0,75.75,600.75,2906.5,,3199.25,520.33,240.7,4,green,victron+fronius
2025-06-05T15:00:00,2025-06-05,15,99.0,17.5,112.75,2202.5,,2045.25,359.67,239.88,4,green,victron+fronius
2025-06-05T16:00:00,2025-06-05,16,99.0,-96.5,299.75,2178.75,,2404.25,315.67,239.83,4,orange,victron+fronius
2025-06-05T17:00:00,2025-06-05,17,99.0,-461.29,516.43,1112.43,,1894.43,342.67,239.91,7,red,victron+fronius
2025-06-05T18:00:00,2025-06-05,18,95.56,-3296.96,5.1,5.84,,2890.62,394.67,240.01,68,red,victron+fronius
2025-06-05T19:00:00,2025-06-05,19,93.44,-3590.61,,,,3198.47,406.45,239.95,36,red,victron+fronius
2025-06-05T20:00:00,2025-06-05,20,83.5,-3628.75,,,,3267.75,340.18,239.97,4,red,victron+fronius
2025-06-05T21:00:00,2025-06-05,21,77.25,-3338.25,,,,2967.75,340.18,240.04,4,red,victron+fronius
2025-06-05T22:00:00,2025-06-05,22,71.5,-2606.25,,,,2357.25,340.18,239.94,4,red,victron+fronius
2025-06-05T23:00:00,2025-06-05,23,66.75,-2168.0,,,,1949.0,340.18,240.02,4,red,victron+fronius
2025-06-06T00:00:00,2025-06-06,0,62.75,-1787.5,,,,1585.75,340.18,239.97,4,red,victron+fronius
2025-06-06T01:00:00,2025-06-06,1,59.5,-1696.75,,,,1494.25,340.18,239.98,4,red,victron+fronius
2025-06-06T02:00:00,2025-06-06,2,56.75,-1521.75,,,,1332.75,340.18,239.94,4,red,victron+fronius
2025-06-06T03:00:00,2025-06-06,3,54.0,-1446.0,,,,1254.25,340.18,240.11,4,red,victron+fronius
2025-06-06T04:00:00,2025-06-06,4,51.25,-1412.0,,,,1228.75,340.18,240.01,4,red,victron+fronius
2025-06-06T05:00:00,2025-06-06,5,48.75,-1343.5,,,,1183.75,340.18,240.1,4,red,victron+fronius
2025-06-06T06:00:00,2025-06-06,6,46.0,-1543.34,2.89,2.76,,1353.15,273.08,240.03,47,red,victron+fronius
2025-06-06T07:00:00,2025-06-06,7,44.0,27.5,695.75,603.75,,1155.25,218.0,239.92,4,orange,victron+fronius
2025-06-06T08:00:00,2025-06-06,8,47.25,3003.5,2196.75,2039.5,,1143.0,204.0,239.88,4,orange,victron+fronius
2025-06-06T09:00:00,2025-06-06,9,58.25,10835.0,6150.75,6404.25,,1277.0,204.33,240.01,4,orange,victron+fronius
2025-06-06T10:00:00,2025-06-06,10,79.25,12638.5,7091.25,7702.0,,1668.5,295.33,239.9,4,green,victron+fronius
2025-06-06T11:00:00,2025-06-06,11,97.1,8341.1,5590.3,4846.4,,1650.9,296.67,239.96,10,green,victron+fronius
2025-06-06T12:00:00,2025-06-06,12,99.0,-48.0,,1877.75,,1751.5,292.0,240.03,4,green,victron+fronius
2025-06-06T13:00:00,2025-06-06,13,99.0,-17.24,239.76,183.73,,396.84,195.33,229.63,15,green,victron+fronius
2025-06-06T14:00:00,2025-06-06,14,99.0,382.25,2186.5,725.0,,2320.5,370.67,239.88,4,green,victron+fronius
2025-06-06T15:00:00,2025-06-06,15,99.0,31.5,1226.25,1295.0,,2498.75,389.33,239.99,4,green,victron+fronius
2025-06-06T16:00:00,2025-06-06,16,99.0,20.25,437.25,1939.0,,2130.75,367.67,240.03,4,orange,victron+fronius
2025-06-06T17:00:00,2025-06-06,17,99.0,-841.12,627.12,811.62,,2047.75,354.0,239.9,8,red,victron+fronius
2025-06-06T18:00:00,2025-06-06,18,94.53,-3082.77,4.37,4.45,,2686.26,400.67,240.0,62,red,victron+fronius
2025-06-06T19:00:00,2025-06-06,19,92.39,-3581.08,,,,3170.87,413.92,239.99,38,red,victron+fronius
2025-06-06T20:00:00,2025-06-06,20,83.0,-3744.0,,,,3320.0,350.88,239.98,4,red,victron+fronius
2025-06-06T21:00:00,2025-06-06,21,75.43,-4825.57,,,,4465.86,350.88,239.96,7,red,victron+fronius
2025-06-06T22:00:00,2025-06-06,22,69.0,-2651.0,,,,2397.25,350.88,240.13,4,red,victron+fronius
2025-06-06T23:00:00,2025-06-06,23,64.5,-2280.75,,,,2046.25,350.88,240.01,4,red,victron+fronius
2025-06-07T00:00:00,2025-06-07,0,60.0,-1733.5,,,,1547.75,350.88,240.04,4,red,victron+fronius
2025-06-07T01:00:00,2025-06-07,1,57.0,-1539.0,,,,1351.25,350.88,239.91,4,red,victron+fronius
2025-06-07T02:00:00,2025-06-07,2,54.0,-1468.0,,,,1274.75,350.88,239.98,4,red,victron+fronius
2025-06-07T03:00:00,2025-06-07,3,51.25,-1398.5,,,,1215.25,350.88,240.07,4,red,victron+fronius
2025-06-07T04:00:00,2025-06-07,4,48.75,-1351.5,,,,1182.25,350.88,240.14,4,red,victron+fronius
2025-06-07T05:00:00,2025-06-07,5,46.0,-1348.75,,,,1165.5,350.88,239.83,4,red,victron+fronius
2025-06-07T06:00:00,2025-06-07,6,44.04,-1444.79,4.04,3.8,,1282.42,247.26,240.02,57,red,victron+fronius
2025-06-07T07:00:00,2025-06-07,7,43.5,1373.0,1404.5,1230.75,,1103.5,178.67,240.23,4,orange,victron+fronius
2025-06-07T08:00:00,2025-06-07,8,49.25,5365.25,3602.0,3511.5,,1521.25,312.67,239.84,4,orange,victron+fronius
2025-06-07T09:00:00,2025-06-07,9,62.25,8864.75,5447.75,5582.5,,1827.25,306.0,239.92,4,orange,victron+fronius
2025-06-07T10:00:00,2025-06-07,10,82.25,10875.0,5781.0,6109.0,,528.75,150.72,239.94,4,green,victron+fronius
2025-06-07T11:00:00,2025-06-07,11,97.46,6233.88,4892.5,4259.04,,2079.04,383.94,239.96,24,green,victron+fronius
2025-06-07T12:00:00,2025-06-07,12,99.0,28.75,627.25,2123.25,,2430.75,448.0,240.08,4,green,victron+fronius
2025-06-07T13:00:00,2025-06-07,13,99.0,287.0,660.5,2829.5,,2819.75,463.67,240.1,4,green,victron+fronius
2025-06-07T14:00:00,2025-06-07,14,99.0,-109.25,606.0,819.0,,1203.5,164.37,240.17,4,green,victron+fronius
2025-06-07T15:00:00,2025-06-07,15,99.0,158.25,1417.5,1146.0,,2148.5,326.63,239.92,4,green,victron+fronius
2025-06-07T16:00:00,2025-06-07,16,99.0,-146.75,117.0,2194.75,,2257.0,399.67,239.94,4,orange,victron+fronius
2025-06-07T17:00:00,2025-06-07,17,99.0,-815.12,662.25,929.88,,2218.12,379.67,239.94,8,red,victron+fronius
2025-06-07T18:00:00,2025-06-07,18,94.55,-3645.27,4.08,6.18,,3294.21,460.0,240.01,78,red,victron+fronius
2025-06-07T19:00:00,2025-06-07,19,91.92,-4019.25,,,,3677.56,454.8,240.0,36,red,victron+fronius
2025-06-07T20:00:00,2025-06-07,20,83.0,-3146.5,,,,2837.0,370.2,239.92,4,red,victron+fronius
2025-06-07T21:00:00,2025-06-07,21,77.0,-3155.75,,,,2838.5,370.2,240.13,4,red,victron+fronius
2025-06-07T22:00:00,2025-06-07,22,71.25,-2803.5,,,,2478.0,370.2,240.07,4,red,victron+fronius
2025-06-07T23:00:00,2025-06-07,23,66.5,-2375.75,,,,2076.0,370.2,240.03,4,red,victron+fronius
2025-06-08T00:00:00,2025-06-08,0,62.25,-2136.25,,,,1880.75,370.2,239.88,4,red,victron+fronius
2025-06-08T01:00:00,2025-06-08,1,58.5,-2057.5,,,,1807.0,370.2,239.81,4,red,victron+fronius
2025-06-08T02:00:00,2025-06-08,2,54.5,-1954.0,,,,1706.25,370.2,239.93,4,red,victron+fronius
2025-06-08T03:00:00,2025-06-08,3,50.75,-1814.0,,,,1572.25,370.2,240.04,4,red,victron+fronius
2025-06-08T04:00:00,2025-06-08,4,47.5,-1708.5,,,,1482.0,370.2,240.02,4,red,victron+fronius
2025-06-08T05:00:00,2025-06-08,5,44.5,-1687.25,,,,1464.0,370.2,239.97,4,red,victron+fronius
2025-06-08T06:00:00,2025-06-08,6,41.81,-1717.96,4.56,3.31,,1507.02,284.22,240.0,54,red,victron+fronius
2025-06-08T07:00:00,2025-06-08,7,39.0,-82.5,1400.0,1215.25,,2370.75,378.0,239.73,4,orange,victron+fronius
2025-06-08T08:00:00,2025-06-08,8,43.25,4694.25,3624.0,3542.0,,2242.0,355.33,239.97,4,orange,victron+fronius
2025-06-08T09:00:00,2025-06-08,9,56.0,8188.0,5585.0,5667.0,,2657.25,447.67,239.91,4,orange,victron+fronius
2025-06-08T10:00:00,2025-06-08,10,73.5,10613.75,6845.5,7319.5,,3063.25,523.0,239.99,4,green,victron+fronius
2025-06-08T11:00:00,2025-06-08,11,94.16,11449.66,7252.37,7885.76,,3196.53,564.0,240.0,62,green,victron+fronius
2025-06-08T12:00:00,2025-06-08,12,99.0,1193.2,2242.2,2216.8,,3028.2,529.33,240.01,5,green,victron+fronius
2025-06-08T13:00:00,2025-06-08,13,99.0,-22.0,22.0,3209.0,,2961.0,531.67,240.08,4,green,victron+fronius
2025-06-08T14:00:00,2025-06-08,14,99.0,138.5,121.0,3420.5,,3133.75,529.67,240.32,4,green,victron+fronius
2025-06-08T15:00:00,2025-06-08,15,99.0,1394.71,2700.43,2522.57,,3097.71,545.0,240.12,21,green,victron+fronius
2025-06-08T16:00:00,2025-06-08,16,99.0,1113.5,1981.58,3073.33,,3486.83,551.33,239.96,12,orange,victron+fronius
2025-06-08T17:00:00,2025-06-08,17,98.97,-278.91,1388.42,2312.18,,3506.91,569.33,239.97,33,red,victron+fronius
2025-06-08T18:00:00,2025-06-08,18,92.47,-4037.79,11.15,12.62,,3502.24,588.67,239.97,66,red,victron+fronius
2025-06-08T19:00:00,2025-06-08,19,89.82,-4601.16,,,,3986.39,493.1,240.0,38,red,victron+fronius
2025-06-08T20:00:00,2025-06-08,20,78.0,-4653.25,,,,3873.25,398.15,240.01,4,red,victron+fronius
2025-06-08T21:00:00,2025-06-08,21,69.0,-4265.25,,,,3776.5,398.15,239.81,4,red,victron+fronius
2025-06-08T22:00:00,2025-06-08,22,61.5,-3364.75,,,,2981.5,398.15,239.97,4,red,victron+fronius
2025-06-08T23:00:00,2025-06-08,23,56.5,-2255.5,,,,2026.0,398.15,240.07,4,red,victron+fronius
2025-06-09T00:00:00,2025-06-09,0,51.75,-2208.0,,,,1957.25,398.15,240.04,4,red,victron+fronius
2025-06-09T01:00:00,2025-06-09,1,48.5,-1697.25,,,,1475.0,398.15,240.02,4,red,victron+fronius
2025-06-09T02:00:00,2025-06-09,2,45.25,-1458.5,,,,1279.0,398.15,239.91,4,red,victron+fronius
2025-06-09T03:00:00,2025-06-09,3,42.75,-1304.5,,,,1129.75,398.15,240.13,4,red,victron+fronius
2025-06-09T04:00:00,2025-06-09,4,40.0,-1355.5,,,,1165.25,398.15,239.81,4,red,victron+fronius
2025-06-09T05:00:00,2025-06-09,5,37.25,-1428.75,,,,1222.5,398.15,239.97,4,red,victron+fronius
2025-06-09T06:00:00,2025-06-09,6,35.02,-1543.96,5.54,3.38,,1361.32,268.75,240.01,50,red,victron+fronius
2025-06-09T07:00:00,2025-06-09,7,34.0,1117.25,1248.75,1141.0,,1129.25,184.0,240.17,4,red,victron+fronius
2025-06-09T08:00:00,2025-06-09,8,40.0,5163.75,3577.75,3566.75,,1722.75,328.67,239.88,4,orange,victron+fronius
2025-06-09T09:00:00,2025-06-09,9,53.0,8681.75,5270.0,5629.75,,2026.5,337.67,240.36,4,orange,victron+fronius
2025-06-09T10:00:00,2025-06-09,10,71.5,10818.0,6607.0,7121.5,,2222.75,404.33,239.79,4,green,victron+fronius
2025-06-09T11:00:00,2025-06-09,11,94.57,9733.57,6485.43,6245.14,,2546.86,419.0,240.09,7,green,victron+fronius
2025-06-09T12:00:00,2025-06-09,12,99.0,132.0,785.0,2051.25,,2437.0,432.0,240.0,4,green,victron+fronius
2025-06-09T13:00:00,2025-06-09,13,99.0,-243.0,125.0,2475.25,,2621.0,439.67,239.97,4,green,victron+fronius
2025-06-09T14:00:00,2025-06-09,14,99.0,-836.5,1348.5,1989.5,,3871.25,536.67,240.04,8,green,victron+fronius
2025-06-09T15:00:00,2025-06-09,15,99.0,757.5,1968.0,2139.25,,3010.33,491.67,239.48,12,green,victron+fronius
2025-06-09T16:00:00,2025-06-09,16,98.4,-1362.4,652.2,646.6,,2423.6,436.0,239.95,5,orange,victron+fronius
2025-06-09T17:00:00,2025-06-09,17,96.25,-861.25,657.25,646.25,,1914.0,382.67,240.08,4,red,victron+fronius
2025-06-09T18:00:00,2025-06-09,18,90.39,-3231.55,1.78,1.55,,2846.74,477.67,239.99,77,red,victron+fronius
2025-06-09T19:00:00,2025-06-09,19,88.03,-3375.58,,,,3016.33,413.31,239.99,36,red,victron+fronius
2025-06-09T20:00:00,2025-06-09,20,79.25,-3464.0,,,,3083.5,366.47,240.04,4,red,victron+fronius
2025-06-09T21:00:00,2025-06-09,21,73.0,-3136.75,,,,2786.5,366.47,240.02,4,red,victron+fronius
2025-06-09T22:00:00,2025-06-09,22,67.5,-2596.0,,,,2314.0,366.47,240.05,4,red,victron+fronius
2025-06-09T23:00:00,2025-06-09,23,62.75,-2283.25,,,,2019.5,366.47,239.88,4,red,victron+fronius
2025-06-10T00:00:00,2025-06-10,0,58.5,-2059.0,,,,1815.0,366.47,239.92,4,red,victron+fronius
2025-06-10T01:00:00,2025-06-10,1,55.0,-1829.5,,,,1590.0,366.47,240.03,4,red,victron+fronius
2025-06-10T02:00:00,2025-06-10,2,51.5,-1809.0,,,,1572.25,366.47,240.13,4,red,victron+fronius
2025-06-10T03:00:00,2025-06-10,3,48.5,-1751.5,,,,1526.25,366.47,239.97,4,red,victron+fronius
2025-06-10T04:00:00,2025-06-10,4,44.75,-1779.0,,,,1549.25,366.47,240.04,4,red,victron+fronius
2025-06-10T05:00:00,2025-06-10,5,41.5,-1926.0,,,,1690.5,366.47,239.93,4,red,victron+fronius
2025-06-10T06:00:00,2025-06-10,6,37.95,-1870.56,4.34,4.37,,1644.22,309.37,239.97,41,red,victron+fronius
2025-06-10T07:00:00,2025-06-10,7,36.25,667.75,1171.5,1034.0,,1346.75,245.33,239.78,4,orange,victron+fronius
2025-06-10T08:00:00,2025-06-10,8,41.75,5202.75,3593.25,3574.0,,1864.75,291.0,240.67,4,orange,victron+fronius
2025-06-10T09:00:00,2025-06-10,9,55.25,8718.25,5623.0,5751.25,,2177.0,359.33,240.04,4,orange,victron+fronius
2025-06-10T10:00:00,2025-06-10,10,73.75,11198.0,6776.25,7205.25,,2303.75,430.0,239.88,4,green,victron+fronius
2025-06-10T11:00:00,2025-06-10,11,95.38,9418.0,6707.88,5382.75,,2249.12,447.0,239.91,8,green,victron+fronius
2025-06-10T12:00:00,2025-06-10,12,99.0,192.5,1079.5,1899.25,,2482.25,385.0,240.04,4,green,victron+fronius
2025-06-10T13:00:00,2025-06-10,13,99.0,-41.25,233.75,2880.25,,2871.75,484.33,240.07,4,green,victron+fronius
2025-06-10T14:00:00,2025-06-10,14,99.0,86.25,,2737.0,,2382.25,442.33,240.0,4,green,victron+fronius
2025-06-10T15:00:00,2025-06-10,15,99.0,-31.5,207.5,2874.25,,2854.5,472.33,240.13,4,green,victron+fronius
2025-06-10T16:00:00,2025-06-10,16,99.0,3.75,,2802.25,,2538.5,449.67,240.03,4,orange,victron+fronius
2025-06-10T17:00:00,2025-06-10,17,99.0,-658.71,921.86,1485.14,,2778.71,474.33,239.96,7,red,victron+fronius
2025-06-10T18:00:00,2025-06-10,18,94.55,-3719.21,4.98,6.95,,3224.02,438.67,239.97,66,red,victron+fronius
2025-06-10T19:00:00,2025-06-10,19,91.75,-5069.57,,,,4423.52,717.0,239.99,40,red,victron+fronius
2025-06-10T20:00:00,2025-06-10,20,79.0,-4792.25,,,,4247.0,,240.14,4,red,victron
2025-06-10T21:00:00,2025-06-10,21,71.0,-4109.25,,,,3638.75,,239.86,4,red,victron
2025-06-10T22:00:00,2025-06-10,22,63.25,-3306.5,,,,2965.5,,239.98,4,red,victron
2025-06-10T23:00:00,2025-06-10,23,57.25,-2854.0,,,,2580.5,,240.07,4,red,victron
2025-06-11T00:00:00,2025-06-11,0,52.5,-2052.25,,,,1836.5,432.9,239.88,4,red,victron+fronius
2025-06-11T01:00:00,2025-06-11,1,48.75,-1834.5,,,,1599.25,432.9,240.1,4,red,victron+fronius
2025-06-11T02:00:00,2025-06-11,2,45.5,-1708.25,,,,1488.25,432.9,239.91,4,red,victron+fronius
2025-06-11T03:00:00,2025-06-11,3,42.5,-1694.0,,,,1478.75,432.9,240.14,4,red,victron+fronius
2025-06-11T04:00:00,2025-06-11,4,39.25,-1709.75,,,,1510.5,432.9,239.83,4,red,victron+fronius
2025-06-11T05:00:00,2025-06-11,5,35.5,-1873.5,,,,1539.0,432.9,239.47,4,red,victron+fronius
2025-06-11T06:00:00,2025-06-11,6,32.46,-1809.6,5.52,4.29,,1607.9,316.08,239.97,52,red,victron+fronius
2025-06-11T07:00:00,2025-06-11,7,30.75,1406.25,1470.25,1343.5,,1267.5,219.0,240.04,4,red,victron+fronius
2025-06-11T08:00:00,2025-06-11,8,36.75,4812.25,3543.0,3530.25,,1943.0,341.67,239.95,4,orange,victron+fronius
2025-06-11T09:00:00,2025-06-11,9,49.75,8722.0,5294.25,5515.0,,1727.5,318.0,239.98,4,orange,victron+fronius
2025-06-11T10:00:00,2025-06-11,10,68.5,11163.5,6667.75,7097.75,,2338.0,320.33,240.04,4,green,victron+fronius
2025-06-11T11:00:00,2025-06-11,11,94.23,12995.65,7852.42,8182.74,,2403.0,444.0,239.94,31,green,victron+fronius
2025-06-11T12:00:00,2025-06-11,12,98.44,3588.0,3030.22,3270.89,,2468.89,471.67,239.92,9,green,victron+fronius
2025-06-11T13:00:00,2025-06-11,13,99.0,53.5,15.0,2542.5,,2246.5,413.33,240.03,4,green,victron+fronius
2025-06-11T14:00:00,2025-06-11,14,99.0,384.25,,3311.75,,2630.0,472.67,240.07,4,green,victron+fronius
2025-06-11T15:00:00,2025-06-11,15,99.0,-346.5,668.25,2802.0,,3361.0,534.33,239.92,4,green,victron+fronius
2025-06-11T16:00:00,2025-06-11,16,99.0,403.5,1195.5,2469.17,,2921.17,511.33,239.99,6,orange,victron+fronius
2025-06-11T17:00:00,2025-06-11,17,99.0,-9.61,1106.71,1396.65,,2203.9,409.33,239.94,31,red,victron+fronius
2025-06-11T18:00:00,2025-06-11,18,95.3,-2633.94,5.64,6.68,,2349.88,393.67,239.99,66,red,victron+fronius
2025-06-11T19:00:00,2025-06-11,19,93.43,-3201.26,,,,2854.3,385.09,239.94,46,red,victron+fronius
2025-06-11T20:00:00,2025-06-11,20,85.0,-3760.75,,,,3389.75,347.64,240.02,4,red,victron+fronius
2025-06-11T21:00:00,2025-06-11,21,78.25,-4001.25,,,,3573.75,347.64,239.98,4,red,victron+fronius
2025-06-11T22:00:00,2025-06-11,22,71.75,-2628.5,,,,2329.25,347.64,240.1,4,red,victron+fronius
2025-06-11T23:00:00,2025-06-11,23,67.5,-2045.75,,,,1816.75,347.64,239.95,4,red,victron+fronius
2025-06-12T00:00:00,2025-06-12,0,63.5,-1665.25,,,,1480.25,347.64,240.05,4,red,victron+fronius
2025-06-12T01:00:00,2025-06-12,1,60.75,-1574.0,,,,1391.75,347.64,239.92,4,red,victron+fronius
2025-06-12T02:00:00,2025-06-12,2,58.0,-1546.75,,,,1368.5,347.64,239.92,4,red,victron+fronius
2025-06-12T03:00:00,2025-06-12,3,54.75,-1562.5,,,,1377.0,347.64,239.85,4,red,victron+fronius
2025-06-12T04:00:00,2025-06-12,4,52.0,-1595.75,,,,1402.0,347.64,239.98,4,red,victron+fronius
2025-06-12T05:00:00,2025-06-12,5,48.75,-2019.5,,,,1809.25,347.64,239.76,4,red,victron+fronius
2025-06-12T06:00:00,2025-06-12,6,45.67,-1727.02,5.17,2.93,,1538.19,298.47,239.97,48,red,victron+fronius
2025-06-12T07:00:00,2025-06-12,7,43.0,241.25,1053.25,963.5,,1619.75,285.33,240.19,4,orange,victron+fronius
2025-06-12T08:00:00,2025-06-12,8,46.25,3392.5,3296.75,3383.25,,2706.25,438.0,240.0,4,orange,victron+fronius
2025-06-12T09:00:00,2025-06-12,9,58.0,7890.5,5338.0,5517.0,,2587.75,404.0,239.91,4,orange,victron+fronius
2025-06-12T10:00:00,2025-06-12,10,75.5,9507.0,5774.25,6801.25,,2818.5,444.67,240.0,4,green,victron+fronius
2025-06-12T11:00:00,2025-06-12,11,94.57,7990.57,5560.57,5826.29,,2839.29,478.33,240.11,7,green,victron+fronius
2025-06-12T12:00:00,2025-06-12,12,99.0,165.0,755.0,2380.0,,2711.75,469.67,240.0,4,green,victron+fronius
2025-06-12T13:00:00,2025-06-12,13,99.0,-241.5,178.75,2761.5,,2859.25,488.0,239.92,4,green,victron+fronius
2025-06-12T14:00:00,2025-06-12,14,99.0,2.75,349.25,2908.75,,2951.0,514.0,240.07,4,green,victron+fronius
2025-06-12T15:00:00,2025-06-12,15,99.0,-56.25,,2810.5,,2591.5,424.0,240.1,4,green,victron+fronius
2025-06-12T16:00:00,2025-06-12,16,99.0,48.5,902.0,3150.75,,3570.75,520.0,239.94,4,orange,victron+fronius
2025-06-12T17:00:00,2025-06-12,17,99.0,-444.62,1125.5,1560.62,,2803.88,520.0,240.0,8,red,victron+fronius
2025-06-12T18:00:00,2025-06-12,18,95.24,-3057.24,8.74,10.02,,2696.83,454.67,239.98,66,red,victron+fronius
2025-06-12T19:00:00,2025-06-12,19,92.9,-4048.52,,,,3600.73,422.0,240.01,48,red,victron+fronius
2025-06-12T20:00:00,2025-06-12,20,82.25,-3997.25,,,,3558.75,360.0,239.94,4,red,victron+fronius
2025-06-12T21:00:00,2025-06-12,21,75.25,-3413.5,,,,3066.25,360.0,239.92,4,red,victron+fronius
2025-06-12T22:00:00,2025-06-12,22,69.5,-2648.5,,,,2375.75,360.0,239.93,4,red,victron+fronius
2025-06-12T23:00:00,2025-06-12,23,65.5,-1880.75,,,,1686.75,360.0,239.95,4,red,victron+fronius
2025-06-13T00:00:00,2025-06-13,0,62.0,-1660.75,,,,1461.0,360.0,240.0,4,red,victron+fronius
2025-06-13T01:00:00,2025-06-13,1,58.75,-1575.25,,,,1397.25,360.0,239.92,4,red,victron+fronius
2025-06-13T02:00:00,2025-06-13,2,56.0,-1367.0,,,,1203.25,360.0,240.1,4,red,victron+fronius
2025-06-13T03:00:00,2025-06-13,3,53.25,-1450.75,,,,1273.75,360.0,239.91,4,red,victron+fronius
2025-06-13T04:00:00,2025-06-13,4,50.5,-1832.5,,,,1628.75,360.0,239.97,4,red,victron+fronius
2025-06-13T05:00:00,2025-06-13,5,46.25,-2158.5,,,,1948.75,360.0,239.98,4,red,victron+fronius
2025-06-13T06:00:00,2025-06-13,6,43.62,-1595.81,8.0,2.73,,1410.33,289.33,240.08,52,red,victron+fronius
2025-06-13T07:00:00,2025-06-13,7,41.25,280.0,1348.25,1176.0,,2040.25,338.0,239.99,4,orange,victron+fronius
2025-06-13T08:00:00,2025-06-13,8,46.0,4912.0,3562.0,3467.75,,1885.0,335.33,239.97,4,orange,victron+fronius
2025-06-13T09:00:00,2025-06-13,9,58.25,8428.25,5560.25,5577.5,,2353.0,392.0,239.83,4,orange,victron+fronius
2025-06-13T10:00:00,2025-06-13,10,76.25,10326.0,6854.25,7166.5,,3225.5,537.67,240.17,4,green,victron+fronius
2025-06-13T11:00:00,2025-06-13,11,96.0,8725.62,6598.75,5515.75,,2984.62,487.33,240.03,8,green,victron+fronius
2025-06-13T12:00:00,2025-06-13,12,99.0,-156.75,416.5,2186.0,,2516.25,429.33,240.04,4,green,victron+fronius
2025-06-13T13:00:00,2025-06-13,13,99.0,-119.75,,2834.25,,2537.25,480.33,240.08,4,green,victron+fronius
2025-06-13T14:00:00,2025-06-13,14,99.0,-1.5,,2971.0,,2659.5,498.33,239.93,4,green,victron+fronius
2025-06-13T15:00:00,2025-06-13,15,99.0,67.5,,3225.25,,2795.5,518.67,239.94,4,green,victron+fronius
2025-06-13T16:00:00,2025-06-13,16,99.0,60.75,420.75,2617.75,,2681.0,486.0,240.23,4,orange,victron+fronius
2025-06-13T17:00:00,2025-06-13,17,99.0,-675.38,787.5,1163.88,,2361.12,385.0,240.01,8,red,victron+fronius
2025-06-13T18:00:00,2025-06-13,18,95.91,-2538.17,7.27,6.23,,2249.0,376.33,240.0,66,red,victron+fronius
2025-06-13T19:00:00,2025-06-13,19,93.85,-3487.33,,,,3088.22,402.27,240.04,46,red,victron+fronius
2025-06-13T20:00:00,2025-06-13,20,83.83,-4971.0,,,,4698.17,365.4,239.98,6,red,victron+fronius
2025-06-13T21:00:00,2025-06-13,21,77.25,-3387.0,,,,3014.0,365.4,239.89,4,red,victron+fronius
2025-06-13T22:00:00,2025-06-13,22,71.25,-3856.25,,,,3490.75,365.4,239.99,4,red,victron+fronius
2025-06-13T23:00:00,2025-06-13,23,66.5,-2017.25,,,,1773.5,365.4,239.94,4,red,victron+fronius
2025-06-14T00:00:00,2025-06-14,0,62.5,-1976.75,,,,1729.75,365.4,239.78,4,red,victron+fronius
2025-06-14T01:00:00,2025-06-14,1,59.25,-1746.5,,,,1526.0,365.4,240.02,4,red,victron+fronius
2025-06-14T02:00:00,2025-06-14,2,56.0,-1762.75,,,,1543.0,365.4,239.92,4,red,victron+fronius
2025-06-14T03:00:00,2025-06-14,3,52.75,-1672.5,,,,1442.75,365.4,239.94,4,red,victron+fronius
2025-06-14T04:00:00,2025-06-14,4,49.5,-1546.25,,,,1334.75,365.4,239.82,4,red,victron+fronius
2025-06-14T05:00:00,2025-06-14,5,46.75,-1620.75,,,,1405.5,365.4,240.14,4,red,victron+fronius
2025-06-14T06:00:00,2025-06-14,6,44.04,-1583.75,4.04,3.44,,1384.19,278.71,239.99,53,red,victron+fronius
2025-06-14T07:00:00,2025-06-14,7,42.0,231.5,1208.0,1090.0,,1874.5,305.33,239.94,4,orange,victron+fronius
2025-06-14T08:00:00,2025-06-14,8,46.0,4213.25,3284.25,3186.0,,1974.75,330.33,240.02,4,orange,victron+fronius
2025-06-14T09:00:00,2025-06-14,9,57.25,7620.0,5035.5,5217.75,,2270.5,383.0,240.05,4,orange,victron+fronius
2025-06-14T10:00:00,2025-06-14,10,74.25,10180.75,6318.25,6749.25,,2424.25,393.67,240.01,4,green,victron+fronius
2025-06-14T11:00:00,2025-06-14,11,95.4,9669.8,6714.5,6416.0,,3338.5,450.33,240.03,10,green,victron+fronius
2025-06-14T12:00:00,2025-06-14,12,99.0,208.75,904.75,1563.0,,1972.0,340.33,240.02,4,green,victron+fronius
2025-06-14T13:00:00,2025-06-14,13,99.0,71.25,,2664.75,,2261.5,408.67,239.97,4,green,victron+fronius
2025-06-14T14:00:00,2025-06-14,14,99.0,47.75,,2827.5,,2463.25,432.33,240.1,4,green,victron+fronius
2025-06-14T15:00:00,2025-06-14,15,99.0,39.5,,2885.25,,2487.0,436.67,239.97,4,green,victron+fronius
2025-06-14T16:00:00,2025-06-14,16,99.0,-15.25,566.5,2797.75,,3031.25,482.67,240.03,4,orange,victron+fronius
2025-06-14T17:00:00,2025-06-14,17,99.0,-284.88,866.62,1331.88,,2203.88,434.67,240.15,8,red,victron+fronius
2025-06-14T18:00:00,2025-06-14,18,96.12,-2460.49,5.25,6.58,,2167.09,336.33,240.02,67,red,victron+fronius
2025-06-14T19:00:00,2025-06-14,19,94.24,-3119.13,,,,2756.78,361.37,239.95,45,red,victron+fronius
2025-06-14T20:00:00,2025-06-14,20,85.5,-3980.25,,,,3330.5,318.55,239.97,4,red,victron+fronius
2025-06-14T21:00:00,2025-06-14,21,78.75,-3231.0,,,,2946.5,318.55,240.03,4,red,victron+fronius
2025-06-14T22:00:00,2025-06-14,22,73.0,-2715.75,,,,2421.5,318.55,240.17,4,red,victron+fronius
2025-06-14T23:00:00,2025-06-14,23,68.75,-1780.0,,,,1577.75,318.55,240.1,4,red,victron+fronius
2025-06-15T00:00:00,2025-06-15,0,65.5,-1968.5,,,,1754.5,318.55,239.97,4,red,victron+fronius
2025-06-15T01:00:00,2025-06-15,1,63.0,-1318.5,,,,1137.75,318.55,240.04,4,red,victron+fronius
2025-06-15T02:00:00,2025-06-15,2,60.75,-1183.5,,,,1024.25,318.55,239.87,4,red,victron+fronius
2025-06-15T03:00:00,2025-06-15,3,58.0,-1361.75,,,,1198.75,318.55,239.97,4,red,victron+fronius
2025-06-15T04:00:00,2025-06-15,4,55.25,-1415.5,,,,1257.75,318.55,240.07,4,red,victron+fronius
2025-06-15T05:00:00,2025-06-15,5,52.75,-1519.0,,,,1347.75,318.55,239.9,4,red,victron+fronius
2025-06-15T06:00:00,2025-06-15,6,49.96,-1707.54,3.71,3.24,,1561.23,305.18,240.05,52,red,victron+fronius
2025-06-15T07:00:00,2025-06-15,7,47.75,732.25,1175.25,1096.0,,1407.75,254.0,240.03,4,orange,victron+fronius
2025-06-15T08:00:00,2025-06-15,8,52.0,4265.5,3373.5,3284.0,,2093.75,362.67,239.71,4,orange,victron+fronius
2025-06-15T09:00:00,2025-06-15,9,63.25,7914.75,5205.5,5421.75,,2346.25,444.0,239.98,4,orange,victron+fronius
2025-06-15T10:00:00,2025-06-15,10,79.5,9658.0,6304.25,6927.0,,3085.5,478.0,240.14,4,green,victron+fronius
2025-06-15T11:00:00,2025-06-15,11,96.38,8789.38,6182.25,5682.0,,2770.5,555.67,239.91,8,green,victron+fronius
2025-06-15T12:00:00,2025-06-15,12,99.0,32.75,82.5,2552.25,,2323.5,427.0,240.01,4,green,victron+fronius
2025-06-15T13:00:00,2025-06-15,13,99.0,222.5,38.5,2940.75,,2489.0,448.67,240.27,4,green,victron+fronius
2025-06-15T14:00:00,2025-06-15,14,99.0,-59.0,141.5,3324.75,,3187.5,579.33,240.03,4,green,victron+fronius
2025-06-15T15:00:00,2025-06-15,15,99.0,-205.4,527.2,3502.4,,3753.6,662.0,239.95,5,green,victron+fronius
2025-06-15T16:00:00,2025-06-15,16,99.0,805.0,1446.33,2992.67,,3098.89,574.0,239.94,9,orange,victron+fronius
2025-06-15T17:00:00,2025-06-15,17,98.7,-607.6,1375.6,1433.7,,3013.1,549.67,239.93,10,red,victron+fronius
2025-06-15T18:00:00,2025-06-15,18,91.02,-3750.74,0.73,0.97,,3254.55,554.67,239.97,95,red,victron+fronius
2025-06-15T19:00:00,2025-06-15,19,87.93,-4425.27,,,,3878.8,466.95,239.98,44,red,victron+fronius
2025-06-15T20:00:00,2025-06-15,20,76.0,-4548.0,,,,3984.75,386.93,240.04,4,red,victron+fronius
2025-06-15T21:00:00,2025-06-15,21,67.25,-3693.25,,,,3271.75,386.93,240.11,4,red,victron+fronius
2025-06-15T22:00:00,2025-06-15,22,60.5,-3028.5,,,,2707.25,386.93,239.97,4,red,victron+fronius
2025-06-15T23:00:00,2025-06-15,23,55.5,-2629.75,,,,2309.5,386.93,239.92,4,red,victron+fronius
2025-06-16T00:00:00,2025-06-16,0,51.0,-1825.5,,,,1615.25,386.93,240.08,4,red,victron+fronius
2025-06-16T01:00:00,2025-06-16,1,48.0,-1477.0,,,,1259.75,386.93,240.02,4,red,victron+fronius
2025-06-16T02:00:00,2025-06-16,2,45.25,-1381.0,,,,1205.0,386.93,239.94,4,red,victron+fronius
2025-06-16T03:00:00,2025-06-16,3,42.75,-1317.5,,,,1137.5,386.93,240.08,4,red,victron+fronius
2025-06-16T04:00:00,2025-06-16,4,40.0,-1371.25,,,,1188.25,386.93,239.91,4,red,victron+fronius
2025-06-16T05:00:00,2025-06-16,5,37.25,-1515.0,,,,1309.0,386.93,239.93,4,red,victron+fronius
2025-06-16T06:00:00,2025-06-16,6,34.51,-1933.75,1.32,1.34,,1736.49,341.09,239.97,63,red,victron+fronius
2025-06-16T07:00:00,2025-06-16,7,31.25,-162.75,786.0,675.25,,1471.5,298.33,239.85,4,red,victron+fronius
2025-06-16T08:00:00,2025-06-16,8,33.25,3017.25,2525.75,2349.25,,1705.5,277.67,239.79,4,red,victron+fronius
2025-06-16T09:00:00,2025-06-16,9,40.0,5597.5,4228.25,3865.5,,1942.75,388.0,239.9,4,orange,victron+fronius
2025-06-16T10:00:00,2025-06-16,10,54.25,8854.25,5966.5,6078.0,,2847.75,359.33,238.62,4,green,victron+fronius
2025-06-16T11:00:00,2025-06-16,11,72.75,7377.5,5734.75,6020.5,,4111.25,567.67,239.92,4,green,victron+fronius
2025-06-16T12:00:00,2025-06-16,12,86.23,12255.49,7642.0,8397.69,,3308.2,538.0,240.01,35,green,victron+fronius
2025-06-16T13:00:00,2025-06-16,13,97.14,8298.86,6611.86,5114.36,,2526.64,505.0,240.0,14,green,victron+fronius
2025-06-16T14:00:00,2025-06-16,14,99.0,48.0,286.0,2952.5,,2824.75,502.33,240.07,4,green,victron+fronius
2025-06-16T15:00:00,2025-06-16,15,99.0,297.0,619.0,2977.0,,3001.75,533.0,239.79,4,green,victron+fronius
2025-06-16T16:00:00,2025-06-16,16,99.0,428.4,1388.6,2402.5,,2998.1,511.0,240.04,10,orange,victron+fronius
2025-06-16T17:00:00,2025-06-16,17,99.0,-854.29,691.86,1140.0,,2429.14,418.33,239.99,7,red,victron+fronius
2025-06-16T18:00:00,2025-06-16,18,93.84,-3448.67,0.15,0.34,,3033.59,488.67,239.96,108,red,victron+fronius
2025-06-16T19:00:00,2025-06-16,19,90.5,-5222.33,,,,4668.58,520.24,240.02,36,red,victron+fronius
2025-06-16T20:00:00,2025-06-16,20,78.75,-4613.0,,,,4146.25,413.86,239.96,4,red,victron+fronius
2025-06-16T21:00:00,2025-06-16,21,71.0,-3917.25,,,,3488.5,413.86,239.95,4,red,victron+fronius
2025-06-16T22:00:00,2025-06-16,22,63.75,-3593.75,,,,3201.25,413.86,239.92,4,red,victron+fronius
2025-06-16T23:00:00,2025-06-16,23,58.5,-2286.5,,,,2071.75,413.86,239.97,4,red,victron+fronius
2025-06-17T00:00:00,2025-06-17,0,54.5,-2072.25,,,,1834.75,413.86,239.94,4,red,victron+fronius
2025-06-17T01:00:00,2025-06-17,1,50.75,-1884.75,,,,1643.5,413.86,239.97,4,red,victron+fronius
2025-06-17T02:00:00,2025-06-17,2,47.5,-1821.0,,,,1581.0,413.86,239.97,4,red,victron+fronius
2025-06-17T03:00:00,2025-06-17,3,44.25,-1804.0,,,,1579.25,413.86,240.05,4,red,victron+fronius
2025-06-17T04:00:00,2025-06-17,4,40.75,-1836.5,,,,1613.5,413.86,239.92,4,red,victron+fronius
2025-06-17T05:00:00,2025-06-17,5,37.25,-2089.5,,,,1849.75,413.86,240.07,4,red,victron+fronius
2025-06-17T06:00:00,2025-06-17,6,33.32,-2189.55,2.53,1.65,,1959.85,384.44,240.01,53,red,victron+fronius
2025-06-17T07:00:00,2025-06-17,7,30.0,-659.5,790.5,666.0,,1939.0,316.33,240.03,4,red,victron+fronius
2025-06-17T08:00:00,2025-06-17,8,30.75,1656.0,2344.0,2167.5,,2548.75,409.33,238.46,4,red,victron+fronius
2025-06-17T09:00:00,2025-06-17,9,39.25,6144.25,4631.5,4588.0,,2205.5,423.33,239.84,4,orange,victron+fronius
2025-06-17T10:00:00,2025-06-17,10,54.2,11591.4,7015.7,7757.4,,2827.9,442.67,239.85,10,green,victron+fronius
2025-06-17T11:00:00,2025-06-17,11,72.65,14974.85,7713.7,8091.8,,188.5,137.33,240.01,20,green,victron+fronius
2025-06-17T12:00:00,2025-06-17,12,96.38,10004.88,5566.62,5017.75,,176.62,0.0,240.01,8,green,victron+fronius
2025-06-17T13:00:00,2025-06-17,13,99.0,4.47,53.63,5.42,,120.98,0.0,13.01,228,green,victron+fronius
2025-06-17T14:00:00,2025-06-17,14,99.0,38.61,180.66,146.78,,237.13,0.0,68.46,83,green,victron+fronius
2025-06-17T15:00:00,2025-06-17,15,99.0,12.17,,174.56,,358.14,1.29,126.74,36,green,victron+fronius
2025-06-17T16:00:00,2025-06-17,16,99.0,-291.57,1834.86,830.57,,2583.43,419.71,239.98,7,orange,victron+fronius
2025-06-17T17:00:00,2025-06-17,17,98.8,-894.2,1120.6,1125.2,,2811.6,508.67,240.07,5,red,victron+fronius
2025-06-17T18:00:00,2025-06-17,18,92.87,-3409.32,5.84,4.07,,2983.0,507.0,239.96,68,red,victron+fronius
2025-06-17T19:00:00,2025-06-17,19,90.28,-4721.68,,,,4182.27,647.0,240.01,40,red,victron+fronius
2025-06-17T20:00:00,2025-06-17,20,79.0,-4284.75,,,,3817.75,,239.97,4,red,victron
2025-06-17T21:00:00,2025-06-17,21,72.5,-3308.5,,,,2942.25,,240.01,4,red,victron
2025-06-17T22:00:00,2025-06-17,22,66.5,-2849.5,,,,2502.25,,239.99,4,red,victron
2025-06-17T23:00:00,2025-06-17,23,61.5,-2029.5,,,,1802.75,,240.14,4,red,victron
2025-06-18T00:00:00,2025-06-18,0,58.0,-1755.0,,,,1563.25,350.87,240.01,4,red,victron+fronius
2025-06-18T01:00:00,2025-06-18,1,54.75,-1542.75,,,,1338.75,350.87,239.98,4,red,victron+fronius
2025-06-18T02:00:00,2025-06-18,2,52.0,-1384.25,,,,1205.25,350.87,239.94,4,red,victron+fronius
2025-06-18T03:00:00,2025-06-18,3,49.5,-1300.25,,,,1125.75,350.87,240.07,4,red,victron+fronius
2025-06-18T04:00:00,2025-06-18,4,47.0,-1346.75,,,,1194.75,350.87,240.04,4,red,victron+fronius
2025-06-18T05:00:00,2025-06-18,5,44.5,-1424.75,,,,1269.5,350.87,239.92,4,red,victron+fronius
2025-06-18T06:00:00,2025-06-18,6,41.69,-2071.31,2.93,1.89,,1893.75,346.07,240.05,55,red,victron+fronius
2025-06-18T07:00:00,2025-06-18,7,39.5,739.75,1216.25,1103.5,,1515.75,236.0,240.07,4,orange,victron+fronius
2025-06-18T08:00:00,2025-06-18,8,44.0,4271.0,3314.5,3186.5,,1909.5,327.67,240.01,4,orange,victron+fronius
2025-06-18T09:00:00,2025-06-18,9,55.25,7944.25,5194.5,5245.5,,2125.0,382.0,240.02,4,orange,victron+fronius
2025-06-18T10:00:00,2025-06-18,10,75.0,11372.12,7222.75,7347.88,,2541.75,428.67,239.78,8,green,victron+fronius
2025-06-18T11:00:00,2025-06-18,11,93.5,11103.6,7084.6,7544.1,,2940.8,509.0,239.92,10,green,victron+fronius
2025-06-18T12:00:00,2025-06-18,12,98.8,1714.4,3641.0,1850.2,,3113.4,567.67,239.89,5,green,victron+fronius
2025-06-18T13:00:00,2025-06-18,13,99.0,277.62,226.53,3355.78,,3446.5,552.0,240.27,32,green,victron+fronius
2025-06-18T14:00:00,2025-06-18,14,99.0,166.0,204.75,3067.5,,3023.25,460.67,240.04,4,green,victron+fronius
2025-06-18T15:00:00,2025-06-18,15,99.0,-79.75,44.0,2942.75,,2759.75,484.67,240.05,4,green,victron+fronius
2025-06-18T16:00:00,2025-06-18,16,99.0,-120.75,,2917.5,,2699.5,480.33,240.17,4,orange,victron+fronius
2025-06-18T17:00:00,2025-06-18,17,99.0,-626.86,1290.86,1605.71,,3198.43,531.33,240.05,7,red,victron+fronius
2025-06-18T18:00:00,2025-06-18,18,94.75,-2755.16,3.38,3.03,,2415.28,387.0,239.97,69,red,victron+fronius
2025-06-18T19:00:00,2025-06-18,19,92.9,-3332.73,,,,2965.54,385.65,240.0,41,red,victron+fronius
2025-06-18T20:00:00,2025-06-18,20,82.5,-3183.5,,,,2807.5,342.48,239.78,4,red,victron+fronius
2025-06-18T21:00:00,2025-06-18,21,76.0,-4214.5,,,,3782.75,342.48,240.11,4,red,victron+fronius
2025-06-18T22:00:00,2025-06-18,22,70.25,-2549.5,,,,2261.75,342.48,239.98,4,red,victron+fronius
2025-06-18T23:00:00,2025-06-18,23,65.5,-2000.75,,,,1775.0,342.48,240.0,4,red,victron+fronius
2025-06-19T00:00:00,2025-06-19,0,62.5,-1716.0,,,,1503.0,342.48,239.94,4,red,victron+fronius
2025-06-19T01:00:00,2025-06-19,1,59.25,-1535.5,,,,1348.75,342.48,240.04,4,red,victron+fronius
2025-06-19T02:00:00,2025-06-19,2,56.5,-1502.0,,,,1307.75,342.48,239.94,4,red,victron+fronius
2025-06-19T03:00:00,2025-06-19,3,53.5,-1484.0,,,,1292.75,342.48,239.94,4,red,victron+fronius
2025-06-19T04:00:00,2025-06-19,4,50.75,-1327.75,,,,1150.25,342.48,240.0,4,red,victron+fronius
2025-06-19T05:00:00,2025-06-19,5,48.0,-1386.25,,,,1197.75,342.48,239.88,4,red,victron+fronius
2025-06-19T06:00:00,2025-06-19,6,45.77,-1535.72,3.05,2.8,,1357.07,296.53,239.94,43,red,victron+fronius
2025-06-19T07:00:00,2025-06-19,7,44.0,-329.75,630.75,544.75,,1352.25,218.33,240.07,4,orange,victron+fronius
2025-06-19T08:00:00,2025-06-19,8,44.25,2378.5,2584.75,2417.75,,2268.75,419.0,240.13,4,orange,victron+fronius
2025-06-19T09:00:00,2025-06-19,9,49.71,2611.11,3147.89,3022.96,,3217.29,440.33,240.36,28,orange,victron+fronius
2025-06-19T10:00:00,2025-06-19,10,59.54,5141.69,4291.23,4203.46,,3385.0,469.33,239.35,13,green,victron+fronius
2025-06-19T11:00:00,2025-06-19,11,67.74,2627.26,3180.0,3053.74,,3974.0,488.0,240.89,34,green,victron+fronius
2025-06-19T12:00:00,2025-06-19,12,75.97,8639.56,6073.88,6218.62,,3090.81,514.67,239.77,32,green,victron+fronius
2025-06-19T13:00:00,2025-06-19,13,91.56,11097.12,7919.94,7844.19,,3834.38,712.33,240.83,16,green,victron+fronius
2025-06-19T14:00:00,2025-06-19,14,99.0,107.49,1130.96,2669.57,,3657.37,496.67,239.62,67,green,victron+fronius
2025-06-19T15:00:00,2025-06-19,15,99.0,208.68,1603.14,2103.59,,3643.59,468.33,240.31,22,green,victron+fronius
2025-06-19T16:00:00,2025-06-19,16,99.0,40.0,276.5,2814.75,,2762.75,485.33,239.98,4,orange,victron+fronius
2025-06-19T17:00:00,2025-06-19,17,99.0,-357.0,777.0,1320.71,,2207.86,386.0,239.93,7,red,victron+fronius
2025-06-19T18:00:00,2025-06-19,18,95.13,-3183.8,4.0,3.97,,2762.74,443.67,239.99,76,red,victron+fronius
2025-06-19T19:00:00,2025-06-19,19,92.92,-3882.78,,,,3398.89,391.88,239.94,36,red,victron+fronius
2025-06-19T20:00:00,2025-06-19,20,82.5,-3593.0,,,,3158.25,309.82,239.94,4,red,victron+fronius
2025-06-19T21:00:00,2025-06-19,21,76.0,-3026.0,,,,2678.75,309.82,240.03,4,red,victron+fronius
2025-06-19T22:00:00,2025-06-19,22,71.25,-2207.25,,,,1965.5,309.82,240.07,4,red,victron+fronius
2025-06-19T23:00:00,2025-06-19,23,67.5,-1573.25,,,,1392.5,309.82,239.9,4,red,victron+fronius
2025-06-20T00:00:00,2025-06-20,0,64.75,-1369.25,,,,1180.75,309.82,239.95,4,red,victron+fronius
2025-06-20T01:00:00,2025-06-20,1,62.0,-1312.75,,,,1139.75,309.82,239.97,4,red,victron+fronius
2025-06-20T02:00:00,2025-06-20,2,59.75,-1295.0,,,,1100.0,309.82,240.11,4,red,victron+fronius
2025-06-20T03:00:00,2025-06-20,3,57.25,-1287.25,,,,1113.0,309.82,239.91,4,red,victron+fronius
2025-06-20T04:00:00,2025-06-20,4,54.75,-1348.75,,,,1164.5,309.82,239.95,4,red,victron+fronius
2025-06-20T05:00:00,2025-06-20,5,52.0,-1415.5,,,,1216.0,309.82,240.07,4,red,victron+fronius
2025-06-20T06:00:00,2025-06-20,6,49.77,-1719.02,2.57,2.31,,1520.72,280.58,240.02,47,red,victron+fronius
2025-06-20T07:00:00,2025-06-20,7,47.25,-677.0,666.5,576.5,,1741.25,283.0,240.03,4,orange,victron+fronius
2025-06-20T08:00:00,2025-06-20,8,49.25,3889.0,3203.0,3123.5,,2104.0,383.33,239.98,4,orange,victron+fronius
2025-06-20T09:00:00,2025-06-20,9,60.5,6955.0,4778.5,5046.25,,2620.5,396.67,240.11,4,orange,victron+fronius
2025-06-20T10:00:00,2025-06-20,10,74.5,7311.0,4880.25,5199.75,,2460.5,469.67,239.83,4,green,victron+fronius
2025-06-20T11:00:00,2025-06-20,11,94.44,10314.11,6735.78,6651.44,,2700.22,479.67,239.99,9,green,victron+fronius
2025-06-20T12:00:00,2025-06-20,12,99.0,1069.6,1787.0,2178.8,,2614.8,468.67,239.87,5,green,victron+fronius
2025-06-20T13:00:00,2025-06-20,13,99.0,-68.5,41.25,3488.5,,3143.75,531.67,239.45,4,green,victron+fronius
2025-06-20T14:00:00,2025-06-20,14,99.0,-88.0,302.5,3372.0,,3392.5,562.33,240.04,4,green,victron+fronius
2025-06-20T15:00:00,2025-06-20,15,99.0,-17.75,433.25,2851.25,,2941.25,558.33,240.1,4,green,victron+fronius
2025-06-20T16:00:00,2025-06-20,16,99.0,68.5,702.33,2227.83,,2568.83,460.33,239.92,6,orange,victron+fronius
2025-06-20T17:00:00,2025-06-20,17,99.0,-521.38,884.38,1233.12,,2313.5,404.67,239.96,8,red,victron+fronius
2025-06-20T18:00:00,2025-06-20,18,95.4,-3334.87,0.98,1.33,,2939.53,377.67,240.0,92,red,victron+fronius
2025-06-20T19:00:00,2025-06-20,19,92.37,-4780.5,,,,4220.45,467.11,240.02,38,red,victron+fronius
2025-06-20T20:00:00,2025-06-20,20,83.25,-3441.75,,,,3062.75,341.67,240.01,4,red,victron+fronius
2025-06-20T21:00:00,2025-06-20,21,77.25,-2986.25,,,,2677.25,341.67,240.01,4,red,victron+fronius
2025-06-20T22:00:00,2025-06-20,22,71.75,-2434.0,,,,2166.25,341.67,240.07,4,red,victron+fronius
2025-06-20T23:00:00,2025-06-20,23,67.5,-2068.25,,,,1837.75,341.67,239.95,4,red,victron+fronius
2025-06-21T00:00:00,2025-06-21,0,63.5,-1904.5,,,,1680.0,341.67,240.01,4,red,victron+fronius
2025-06-21T01:00:00,2025-06-21,1,60.5,-1708.25,,,,1483.0,341.67,240.03,4,red,victron+fronius
2025-06-21T02:00:00,2025-06-21,2,57.25,-1641.0,,,,1426.5,341.67,240.1,4,red,victron+fronius
2025-06-21T03:00:00,2025-06-21,3,54.0,-1516.5,,,,1329.5,341.67,240.02,4,red,victron+fronius
2025-06-21T04:00:00,2025-06-21,4,51.25,-1493.5,,,,1288.5,341.67,239.92,4,red,victron+fronius
2025-06-21T05:00:00,2025-06-21,5,48.25,-1632.5,,,,1438.0,341.67,239.98,4,red,victron+fronius
2025-06-21T06:00:00,2025-06-21,6,45.68,-1606.37,2.27,2.16,,1416.87,266.83,240.0,60,red,victron+fronius
2025-06-21T07:00:00,2025-06-21,7,43.0,-629.75,520.0,446.75,,1478.25,235.67,240.33,4,orange,victron+fronius
2025-06-21T08:00:00,2025-06-21,8,43.75,2764.25,2415.75,2237.5,,1627.0,285.0,240.03,4,orange,victron+fronius
2025-06-21T09:00:00,2025-06-21,9,54.75,8391.0,5246.0,5361.25,,1874.25,391.0,240.2,4,orange,victron+fronius
2025-06-21T10:00:00,2025-06-21,10,71.5,10402.25,6334.5,6683.25,,2175.75,409.0,240.0,4,green,victron+fronius
2025-06-21T11:00:00,2025-06-21,11,93.71,11588.0,7223.29,6831.14,,1760.14,320.67,240.15,7,green,victron+fronius
2025-06-21T12:00:00,2025-06-21,12,99.0,493.2,2037.2,1289.4,,2799.8,411.0,240.07,5,green,victron+fronius
2025-06-21T13:00:00,2025-06-21,13,99.0,83.5,336.75,3068.5,,2880.5,536.33,239.98,4,green,victron+fronius
2025-06-21T14:00:00,2025-06-21,14,99.0,320.25,914.75,3457.25,,3632.75,517.33,239.85,4,green,victron+fronius
2025-06-21T15:00:00,2025-06-21,15,99.0,-51.0,45.5,3143.0,,2817.25,502.67,240.36,4,green,victron+fronius
2025-06-21T16:00:00,2025-06-21,16,99.0,-519.71,782.86,1596.14,,2582.29,412.33,239.97,7,orange,victron+fronius
2025-06-21T17:00:00,2025-06-21,17,97.5,-2255.25,559.25,539.5,,2938.75,473.0,239.77,4,red,victron+fronius
2025-06-21T18:00:00,2025-06-21,18,90.05,-4178.04,1.72,2.45,,3673.0,558.0,240.0,74,red,victron+fronius
2025-06-21T19:00:00,2025-06-21,19,87.0,-5190.32,,,,4582.57,499.23,240.04,40,red,victron+fronius
2025-06-21T20:00:00,2025-06-21,20,75.0,-3877.5,,,,3471.75,372.34,240.04,4,red,victron+fronius
2025-06-21T21:00:00,2025-06-21,21,69.0,-3018.75,,,,2689.25,372.34,240.04,4,red,victron+fronius
2025-06-21T22:00:00,2025-06-21,22,63.5,-2302.75,,,,2080.25,372.34,239.98,4,red,victron+fronius
2025-06-21T23:00:00,2025-06-21,23,59.5,-2120.0,,,,1890.75,372.34,239.88,4,red,victron+fronius
2025-06-22T00:00:00,2025-06-22,0,55.5,-2111.0,,,,1849.5,372.34,239.92,4,red,victron+fronius
2025-06-22T01:00:00,2025-06-22,1,51.5,-1879.75,,,,1649.5,372.34,239.96,4,red,victron+fronius
2025-06-22T02:00:00,2025-06-22,2,48.0,-1782.75,,,,1536.75,372.34,239.97,4,red,victron+fronius
2025-06-22T03:00:00,2025-06-22,3,44.75,-1649.5,,,,1439.0,372.34,240.11,4,red,victron+fronius
2025-06-22T04:00:00,2025-06-22,4,41.5,-1698.0,,,,1452.5,372.34,240.08,4,red,victron+fronius
2025-06-22T05:00:00,2025-06-22,5,38.5,-1658.5,,,,1444.5,372.34,239.97,4,red,victron+fronius
2025-06-22T06:00:00,2025-06-22,6,35.6,-1592.28,3.77,3.45,,1394.72,281.68,240.0,43,red,victron+fronius
2025-06-22T07:00:00,2025-06-22,7,34.0,-54.25,1110.25,967.5,,1873.25,278.0,239.95,4,red,victron+fronius
2025-06-22T08:00:00,2025-06-22,8,35.5,1745.5,2283.25,2039.5,,2256.0,382.33,239.88,4,orange,victron+fronius
2025-06-22T09:00:00,2025-06-22,9,39.75,2639.5,2698.25,2466.25,,2245.0,385.0,240.03,4,orange,victron+fronius
2025-06-22T10:00:00,2025-06-22,10,47.5,8041.33,5824.17,5915.0,,3093.67,566.33,240.14,6,green,victron+fronius
2025-06-22T11:00:00,2025-06-22,11,59.75,10865.0,6776.75,7309.0,,2757.5,538.67,240.16,4,green,victron+fronius
2025-06-22T12:00:00,2025-06-22,12,82.57,10860.86,6769.86,7109.57,,2505.14,484.0,240.0,7,green,victron+fronius
2025-06-22T13:00:00,2025-06-22,13,95.89,8725.94,5844.67,6184.39,,2713.61,476.67,240.07,18,green,victron+fronius
2025-06-22T14:00:00,2025-06-22,14,99.0,950.17,2342.5,2615.42,,3431.83,559.33,240.18,12,green,victron+fronius
2025-06-22T15:00:00,2025-06-22,15,99.0,-162.57,1954.86,2561.71,,4142.14,646.33,239.01,7,green,victron+fronius
2025-06-22T16:00:00,2025-06-22,16,99.0,-207.8,991.8,2965.4,,3642.2,643.33,240.07,5,orange,victron+fronius
2025-06-22T17:00:00,2025-06-22,17,98.86,-948.29,1325.43,1540.29,,3390.86,574.33,239.91,7,red,victron+fronius
2025-06-22T18:00:00,2025-06-22,18,93.01,-4248.88,6.22,6.8,,3648.68,586.67,239.97,81,red,victron+fronius
2025-06-22T19:00:00,2025-06-22,19,89.97,-4460.73,,,,3882.45,472.44,240.0,33,red,victron+fronius
2025-06-22T20:00:00,2025-06-22,20,77.71,-4450.71,,,,3895.43,432.93,238.22,7,red,victron+fronius
2025-06-22T21:00:00,2025-06-22,21,70.0,-4158.25,,,,3700.5,432.93,240.0,4,red,victron+fronius
2025-06-22T22:00:00,2025-06-22,22,62.25,-3755.75,,,,3317.0,432.93,240.05,4,red,victron+fronius
2025-06-22T23:00:00,2025-06-22,23,55.75,-3486.75,,,,3071.0,432.93,240.03,4,red,victron+fronius
2025-06-23T00:00:00,2025-06-23,0,50.75,-2026.25,,,,1804.5,432.93,239.93,4,red,victron+fronius
2025-06-23T01:00:00,2025-06-23,1,47.5,-1696.5,,,,1479.25,432.93,239.97,4,red,victron+fronius
2025-06-23T02:00:00,2025-06-23,2,44.5,-1721.5,,,,1489.25,432.93,240.0,4,red,victron+fronius
2025-06-23T03:00:00,2025-06-23,3,40.75,-1767.25,,,,1561.25,432.93,240.04,4,red,victron+fronius
2025-06-23T04:00:00,2025-06-23,4,37.5,-1749.0,,,,1536.5,432.93,239.97,4,red,victron+fronius
2025-06-23T05:00:00,2025-06-23,5,34.25,-1730.0,,,,1514.25,432.93,239.92,4,red,victron+fronius
2025-06-23T06:00:00,2025-06-23,6,30.67,-1834.44,2.64,2.51,,1624.76,344.27,239.96,45,red,victron+fronius
2025-06-23T07:00:00,2025-06-23,7,28.25,327.25,1056.0,929.5,,1505.5,255.33,240.21,4,red,victron+fronius
2025-06-23T08:00:00,2025-06-23,8,32.25,3521.75,3118.25,2955.25,,2233.5,334.33,240.21,4,red,victron+fronius
2025-06-23T09:00:00,2025-06-23,9,42.75,7317.0,5059.75,5016.75,,2415.5,454.33,239.88,4,orange,victron+fronius
2025-06-23T10:00:00,2025-06-23,10,56.25,8129.75,5438.5,5646.5,,2528.25,496.0,239.88,4,green,victron+fronius
2025-06-23T11:00:00,2025-06-23,11,67.5,3736.0,3197.25,2989.75,,2168.25,394.67,239.82,4,green,victron+fronius
2025-06-23T12:00:00,2025-06-23,12,73.75,4068.5,3577.25,3351.25,,2608.5,465.0,239.79,4,green,victron+fronius
2025-06-23T13:00:00,2025-06-23,13,86.0,12218.11,7203.0,7606.11,,2090.22,421.67,239.89,9,green,victron+fronius
2025-06-23T14:00:00,2025-06-23,14,97.96,4949.92,3718.58,3549.79,,1904.21,347.67,240.01,24,green,victron+fronius
2025-06-23T15:00:00,2025-06-23,15,99.0,-5.5,361.5,2046.0,,2159.0,351.0,240.13,4,green,victron+fronius
2025-06-23T16:00:00,2025-06-23,16,99.0,-105.83,691.33,1551.17,,2033.5,373.0,239.84,6,orange,victron+fronius
2025-06-23T17:00:00,2025-06-23,17,99.0,393.5,784.83,1039.83,,1271.83,231.0,239.9,12,red,victron+fronius
2025-06-23T18:00:00,2025-06-23,18,95.74,-3690.55,3.36,3.82,,3311.22,414.33,239.96,88,red,victron+fronius
2025-06-23T19:00:00,2025-06-23,19,93.17,-3215.48,,,,2859.52,462.57,239.99,42,red,victron+fronius
2025-06-23T20:00:00,2025-06-23,20,83.0,-4417.0,,,,4152.0,416.36,239.92,4,red,victron+fronius
2025-06-23T21:00:00,2025-06-23,21,74.25,-4152.0,,,,3741.75,416.36,239.97,4,red,victron+fronius
2025-06-23T22:00:00,2025-06-23,22,67.75,-2902.5,,,,2611.75,416.36,239.97,4,red,victron+fronius
2025-06-23T23:00:00,2025-06-23,23,62.5,-2484.0,,,,2212.25,416.36,240.05,4,red,victron+fronius
2025-06-24T00:00:00,2025-06-24,0,58.25,-2322.25,,,,2061.75,416.36,240.01,4,red,victron+fronius
2025-06-24T01:00:00,2025-06-24,1,54.0,-2158.5,,,,1891.75,416.36,240.03,4,red,victron+fronius
2025-06-24T02:00:00,2025-06-24,2,50.0,-2039.25,,,,1768.25,416.36,240.04,4,red,victron+fronius
2025-06-24T03:00:00,2025-06-24,3,46.5,-1896.75,,,,1656.5,416.36,239.88,4,red,victron+fronius
2025-06-24T04:00:00,2025-06-24,4,42.75,-1777.75,,,,1571.0,416.36,239.97,4,red,victron+fronius
2025-06-24T05:00:00,2025-06-24,5,39.25,-1854.25,,,,1632.25,416.36,240.04,4,red,victron+fronius
2025-06-24T06:00:00,2025-06-24,6,35.9,-2031.93,3.44,3.67,,1800.56,354.82,239.98,41,red,victron+fronius
2025-06-24T07:00:00,2025-06-24,7,32.5,-55.75,1078.75,957.5,,1922.25,343.33,240.1,4,red,victron+fronius
2025-06-24T08:00:00,2025-06-24,8,36.5,4033.5,3094.5,2954.5,,1831.0,310.0,240.07,4,orange,victron+fronius
2025-06-24T09:00:00,2025-06-24,9,46.75,6868.25,4798.5,4950.75,,2680.5,439.0,239.91,4,orange,victron+fronius
2025-06-24T10:00:00,2025-06-24,10,62.0,8889.5,6043.25,6549.5,,3422.75,601.0,239.95,4,green,victron+fronius
2025-06-24T11:00:00,2025-06-24,11,80.0,11065.0,6705.5,7531.75,,2896.25,620.33,239.86,4,green,victron+fronius
2025-06-24T12:00:00,2025-06-24,12,97.38,7472.62,5719.88,4891.0,,2694.25,505.0,240.15,8,green,victron+fronius
2025-06-24T13:00:00,2025-06-24,13,99.0,-114.0,151.25,2866.75,,2847.5,502.33,240.18,4,green,victron+fronius
2025-06-24T14:00:00,2025-06-24,14,99.0,97.25,,2988.75,,2587.5,495.0,240.32,4,green,victron+fronius
2025-06-24T15:00:00,2025-06-24,15,99.0,44.0,,2950.0,,2621.75,485.67,240.08,4,green,victron+fronius
2025-06-24T16:00:00,2025-06-24,16,99.0,54.75,55.0,2768.5,,2381.75,426.67,240.1,4,orange,victron+fronius
2025-06-24T17:00:00,2025-06-24,17,99.0,-638.29,1137.57,1397.43,,2846.14,450.0,239.86,7,red,victron+fronius
2025-06-24T18:00:00,2025-06-24,18,94.59,-3546.48,8.28,9.54,,3136.61,440.67,240.0,54,red,victron+fronius
2025-06-24T19:00:00,2025-06-24,19,92.22,-3887.49,,,,3414.57,592.0,240.0,51,red,victron+fronius
2025-06-24T20:00:00,2025-06-24,20,83.25,-3070.75,,,,2767.75,,240.07,4,red,victron
2025-06-24T21:00:00,2025-06-24,21,77.75,-2794.25,,,,2529.75,,240.05,4,red,victron
2025-06-24T22:00:00,2025-06-24,22,71.75,-3235.75,,,,3088.5,,239.94,4,red,victron
2025-06-24T23:00:00,2025-06-24,23,66.5,-2222.0,,,,1998.25,,240.01,4,red,victron
2025-06-25T00:00:00,2025-06-25,0,62.5,-2176.75,,,,1955.0,346.7,239.98,4,red,victron+fronius
2025-06-25T01:00:00,2025-06-25,1,59.25,-1664.0,,,,1481.25,346.7,239.97,4,red,victron+fronius
2025-06-25T02:00:00,2025-06-25,2,56.0,-1576.75,,,,1393.5,346.7,240.0,4,red,victron+fronius
2025-06-25T03:00:00,2025-06-25,3,52.75,-1557.5,,,,1367.5,346.7,240.04,4,red,victron+fronius
2025-06-25T04:00:00,2025-06-25,4,50.0,-1537.25,,,,1359.5,346.7,239.98,4,red,victron+fronius
2025-06-25T05:00:00,2025-06-25,5,47.0,-1441.75,,,,1282.5,346.7,240.05,4,red,victron+fronius
2025-06-25T06:00:00,2025-06-25,6,44.51,-1533.82,3.13,2.74,,1364.98,275.23,239.99,55,red,victron+fronius
2025-06-25T07:00:00,2025-06-25,7,42.75,687.0,1174.0,1048.75,,1402.25,252.33,240.2,4,orange,victron+fronius
2025-06-25T08:00:00,2025-06-25,8,47.0,4277.5,3239.5,3154.5,,1852.75,305.67,240.01,4,orange,victron+fronius
2025-06-25T09:00:00,2025-06-25,9,58.25,7611.0,5083.75,5141.75,,2343.5,406.0,239.98,4,orange,victron+fronius
2025-06-25T10:00:00,2025-06-25,10,74.75,9913.25,6374.75,6714.25,,2766.5,479.33,240.11,4,green,victron+fronius
2025-06-25T11:00:00,2025-06-25,11,95.38,9466.25,6775.5,6204.25,,3059.38,504.33,239.9,8,green,victron+fronius
2025-06-25T12:00:00,2025-06-25,12,99.0,163.25,1211.0,1938.25,,2620.5,473.0,240.14,4,green,victron+fronius
2025-06-25T13:00:00,2025-06-25,13,99.0,31.75,1045.0,3044.0,,3699.25,538.0,239.91,4,green,victron+fronius
2025-06-25T14:00:00,2025-06-25,14,99.0,100.0,3001.75,2465.5,,4897.0,742.67,240.0,4,green,victron+fronius
2025-06-25T15:00:00,2025-06-25,15,99.0,63.5,444.5,2715.25,,2796.5,442.33,240.03,4,green,victron+fronius
2025-06-25T16:00:00,2025-06-25,16,99.0,138.0,441.5,2825.75,,2646.75,472.33,240.05,4,orange,victron+fronius
2025-06-25T17:00:00,2025-06-25,17,99.0,-348.5,851.12,1390.62,,2584.0,458.33,240.1,8,red,victron+fronius
2025-06-25T18:00:00,2025-06-25,18,94.96,-2833.92,8.06,11.74,,2495.55,437.0,240.07,53,red,victron+fronius
2025-06-25T19:00:00,2025-06-25,19,93.03,-3070.18,,,,2716.84,379.85,239.99,61,red,victron+fronius
2025-06-25T20:00:00,2025-06-25,20,85.0,-2926.25,,,,2606.25,337.27,240.03,4,red,victron+fronius
2025-06-25T21:00:00,2025-06-25,21,79.0,-3348.25,,,,3067.25,337.27,239.97,4,red,victron+fronius
2025-06-25T22:00:00,2025-06-25,22,72.75,-2684.0,,,,2406.0,337.27,239.97,4,red,victron+fronius
2025-06-25T23:00:00,2025-06-25,23,67.75,-2133.0,,,,1899.75,337.27,239.88,4,red,victron+fronius
2025-06-26T00:00:00,2025-06-26,0,64.5,-1698.25,,,,1499.0,337.27,240.01,4,red,victron+fronius
2025-06-26T01:00:00,2025-06-26,1,61.25,-1717.0,,,,1491.0,337.27,239.98,4,red,victron+fronius
2025-06-26T02:00:00,2025-06-26,2,58.0,-1627.75,,,,1429.25,337.27,239.98,4,red,victron+fronius
2025-06-26T03:00:00,2025-06-26,3,54.75,-1579.5,,,,1372.75,337.27,240.13,4,red,victron+fronius
2025-06-26T04:00:00,2025-06-26,4,52.0,-1564.0,,,,1346.0,337.27,239.97,4,red,victron+fronius
2025-06-26T05:00:00,2025-06-26,5,49.0,-1487.5,,,,1290.75,337.27,239.98,4,red,victron+fronius
2025-06-26T06:00:00,2025-06-26,6,46.51,-1244.0,1.87,1.74,,1085.91,243.48,240.03,45,red,victron+fronius
2025-06-26T07:00:00,2025-06-26,7,45.25,688.75,1082.75,973.25,,1239.25,188.33,240.26,4,orange,victron+fronius
2025-06-26T08:00:00,2025-06-26,8,50.75,4167.75,3072.0,2952.0,,1621.75,251.67,239.95,4,orange,victron+fronius
2025-06-26T09:00:00,2025-06-26,9,57.0,4493.5,3363.25,3127.75,,1704.75,299.0,240.03,4,orange,victron+fronius
2025-06-26T10:00:00,2025-06-26,10,71.0,10326.25,6661.0,6087.88,,1591.25,327.33,239.82,8,green,victron+fronius
2025-06-26T11:00:00,2025-06-26,11,86.5,13041.12,8011.12,7630.69,,1453.46,317.0,240.11,26,green,victron+fronius
2025-06-26T12:00:00,2025-06-26,12,96.05,10857.8,6756.9,6326.3,,1678.6,324.33,239.97,20,green,victron+fronius
2025-06-26T13:00:00,2025-06-26,13,99.0,616.5,1222.5,3172.75,,3446.75,634.0,239.98,4,green,victron+fronius
2025-06-26T14:00:00,2025-06-26,14,99.0,584.33,1607.17,2232.78,,2769.61,519.33,239.89,18,green,victron+fronius
2025-06-26T15:00:00,2025-06-26,15,99.0,119.75,152.75,3280.0,,2939.75,520.33,240.03,4,green,victron+fronius
2025-06-26T16:00:00,2025-06-26,16,99.0,531.57,1614.07,2217.36,,2959.21,527.67,239.95,14,orange,victron+fronius
2025-06-26T17:00:00,2025-06-26,17,99.0,-317.62,865.5,1524.25,,2563.0,420.0,239.94,8,red,victron+fronius
2025-06-26T18:00:00,2025-06-26,18,95.62,-3158.59,10.82,12.46,,2775.04,415.67,240.0,56,red,victron+fronius
2025-06-26T19:00:00,2025-06-26,19,93.56,-3176.38,,,,2833.85,382.24,239.99,48,red,victron+fronius
2025-06-26T20:00:00,2025-06-26,20,85.25,-3367.5,,,,3019.75,330.86,240.07,4,red,victron+fronius
2025-06-26T21:00:00,2025-06-26,21,78.75,-3376.25,,,,3054.0,330.86,240.17,4,red,victron+fronius
2025-06-26T22:00:00,2025-06-26,22,72.75,-2736.75,,,,2469.5,330.86,239.95,4,red,victron+fronius
2025-06-26T23:00:00,2025-06-26,23,68.5,-1913.0,,,,1690.75,330.86,240.0,4,red,victron+fronius
2025-06-27T00:00:00,2025-06-27,0,65.0,-1602.0,,,,1423.75,330.86,239.94,4,red,victron+fronius
2025-06-27T01:00:00,2025-06-27,1,62.0,-1531.75,,,,1357.0,330.86,239.93,4,red,victron+fronius
2025-06-27T02:00:00,2025-06-27,2,59.25,-1491.5,,,,1327.0,330.86,239.88,4,red,victron+fronius
2025-06-27T03:00:00,2025-06-27,3,56.25,-1444.5,,,,1278.0,330.86,239.93,4,red,victron+fronius
2025-06-27T04:00:00,2025-06-27,4,53.5,-1563.0,,,,1361.5,330.86,239.84,4,red,victron+fronius
2025-06-27T05:00:00,2025-06-27,5,50.5,-1548.75,,,,1375.0,330.86,240.02,4,red,victron+fronius
2025-06-27T06:00:00,2025-06-27,6,47.93,-1471.0,2.39,2.33,,1297.33,255.47,240.01,57,red,victron+fronius
2025-06-27T07:00:00,2025-06-27,7,46.25,508.25,1101.75,1007.0,,1350.0,206.67,239.99,4,orange,victron+fronius
2025-06-27T08:00:00,2025-06-27,8,51.25,4695.25,3214.0,3192.75,,1438.0,245.67,239.97,4,orange,victron+fronius
2025-06-27T09:00:00,2025-06-27,9,63.5,8233.75,4874.75,5186.0,,1516.0,248.67,240.0,4,orange,victron+fronius
2025-06-27T10:00:00,2025-06-27,10,81.25,9129.75,5103.5,5976.0,,1591.5,336.0,240.1,4,green,victron+fronius
2025-06-27T11:00:00,2025-06-27,11,97.43,6492.86,5056.29,3942.29,,2226.86,362.67,239.97,7,green,victron+fronius
2025-06-27T12:00:00,2025-06-27,12,99.0,82.5,357.25,2284.75,,2340.75,407.0,240.07,4,green,victron+fronius
2025-06-27T13:00:00,2025-06-27,13,99.0,-13.75,,2728.25,,2468.0,426.0,239.89,4,green,victron+fronius
2025-06-27T14:00:00,2025-06-27,14,99.0,78.25,282.0,3018.25,,2910.75,477.0,239.89,4,green,victron+fronius
2025-06-27T15:00:00,2025-06-27,15,99.0,-298.25,353.5,3193.75,,3127.5,583.67,240.01,4,green,victron+fronius
2025-06-27T16:00:00,2025-06-27,16,99.0,-90.5,199.25,3015.0,,2888.25,504.33,240.0,4,orange,victron+fronius
2025-06-27T17:00:00,2025-06-27,17,99.0,-546.75,837.38,1340.0,,2433.88,424.33,240.0,8,red,victron+fronius
2025-06-27T18:00:00,2025-06-27,18,95.57,-2855.79,6.43,7.69,,2533.14,383.33,240.04,58,red,victron+fronius
2025-06-27T19:00:00,2025-06-27,19,93.46,-3555.28,,,,3159.76,406.47,239.98,50,red,victron+fronius
2025-06-27T20:00:00,2025-06-27,20,85.25,-3345.25,,,,3008.25,352.21,240.24,4,red,victron+fronius
2025-06-27T21:00:00,2025-06-27,21,79.0,-3278.5,,,,2942.75,352.21,239.96,4,red,victron+fronius
2025-06-27T22:00:00,2025-06-27,22,73.5,-2514.5,,,,2284.25,352.21,239.98,4,red,victron+fronius
2025-06-27T23:00:00,2025-06-27,23,68.5,-2096.5,,,,1902.25,352.21,239.94,4,red,victron+fronius
2025-06-28T00:00:00,2025-06-28,0,64.75,-1963.0,,,,1737.5,352.21,240.08,4,red,victron+fronius
2025-06-28T01:00:00,2025-06-28,1,61.25,-1732.75,,,,1533.0,352.21,239.91,4,red,victron+fronius
2025-06-28T02:00:00,2025-06-28,2,58.0,-1781.0,,,,1578.5,352.21,240.04,4,red,victron+fronius
2025-06-28T03:00:00,2025-06-28,3,54.75,-1752.25,,,,1533.5,352.21,239.92,4,red,victron+fronius
2025-06-28T04:00:00,2025-06-28,4,51.5,-1821.75,,,,1612.0,352.21,240.04,4,red,victron+fronius
2025-06-28T05:00:00,2025-06-28,5,48.0,-1717.5,,,,1506.75,352.21,239.97,4,red,victron+fronius
2025-06-28T06:00:00,2025-06-28,6,44.98,-1706.33,3.42,3.04,,1523.2,284.14,239.98,55,red,victron+fronius
2025-06-28T07:00:00,2025-06-28,7,42.25,-981.0,743.5,659.0,,2148.25,353.33,240.1,4,orange,victron+fronius
2025-06-28T08:00:00,2025-06-28,8,41.0,656.5,1869.0,1749.25,,2836.0,465.0,240.01,4,orange,victron+fronius
2025-06-28T09:00:00,2025-06-28,9,46.0,3390.25,3748.25,3636.75,,3893.0,536.33,239.88,4,orange,victron+fronius
2025-06-28T10:00:00,2025-06-28,10,52.75,4281.0,3617.25,3458.5,,2510.25,464.0,240.13,4,green,victron+fronius
2025-06-28T11:00:00,2025-06-28,11,60.25,2136.25,2720.0,2641.0,,2784.5,455.0,239.56,4,green,victron+fronius
2025-06-28T12:00:00,2025-06-28,12,64.5,3579.5,3145.75,3120.75,,2423.25,437.0,239.89,4,green,victron+fronius
2025-06-28T13:00:00,2025-06-28,13,74.08,11362.85,7090.46,7776.62,,3128.54,513.67,239.71,13,green,victron+fronius
2025-06-28T14:00:00,2025-06-28,14,85.75,5507.0,4159.75,4093.25,,2382.25,544.0,240.01,4,green,victron+fronius
2025-06-28T15:00:00,2025-06-28,15,97.5,6323.5,4887.38,4640.75,,2821.38,448.33,240.0,8,green,victron+fronius
2025-06-28T16:00:00,2025-06-28,16,99.0,60.75,253.25,2531.25,,2437.0,494.33,239.97,4,orange,victron+fronius
2025-06-28T17:00:00,2025-06-28,17,99.0,-762.12,1310.88,1678.88,,3414.25,519.33,239.62,8,red,victron+fronius
2025-06-28T18:00:00,2025-06-28,18,94.63,-3147.42,6.9,8.1,,2756.2,422.67,239.97,60,red,victron+fronius
2025-06-28T19:00:00,2025-06-28,19,92.52,-3934.14,,,,3441.91,404.82,240.01,44,red,victron+fronius
2025-06-28T20:00:00,2025-06-28,20,82.5,-3578.5,,,,3149.5,336.23,239.85,4,red,victron+fronius
2025-06-28T21:00:00,2025-06-28,21,75.75,-3186.0,,,,2831.75,336.23,240.1,4,red,victron+fronius
2025-06-28T22:00:00,2025-06-28,22,70.5,-2277.75,,,,2039.5,336.23,239.91,4,red,victron+fronius
2025-06-28T23:00:00,2025-06-28,23,66.5,-2412.5,,,,2237.0,336.23,240.03,4,red,victron+fronius
2025-06-29T00:00:00,2025-06-29,0,62.75,-1742.0,,,,1536.0,336.23,239.92,4,red,victron+fronius
2025-06-29T01:00:00,2025-06-29,1,59.5,-1651.25,,,,1450.25,336.23,239.97,4,red,victron+fronius
2025-06-29T02:00:00,2025-06-29,2,56.75,-1466.75,,,,1282.0,336.23,239.98,4,red,victron+fronius
2025-06-29T03:00:00,2025-06-29,3,53.75,-1423.75,,,,1254.5,336.23,239.88,4,red,victron+fronius
2025-06-29T04:00:00,2025-06-29,4,51.0,-1442.75,,,,1257.25,336.23,240.08,4,red,victron+fronius
2025-06-29T05:00:00,2025-06-29,5,48.0,-1410.25,,,,1231.75,336.23,240.02,4,red,victron+fronius
2025-06-29T06:00:00,2025-06-29,6,45.68,-1592.52,0.46,0.69,,1401.21,285.18,239.97,56,red,victron+fronius
2025-06-29T07:00:00,2025-06-29,7,42.5,-1518.75,384.5,326.25,,2106.0,307.67,239.88,4,orange,victron+fronius
2025-06-29T08:00:00,2025-06-29,8,40.0,-1049.5,968.0,826.0,,2661.0,468.0,240.1,4,orange,victron+fronius
2025-06-29T09:00:00,2025-06-29,9,39.0,1469.5,2304.25,2030.5,,2566.25,461.0,239.88,4,orange,victron+fronius
2025-06-29T10:00:00,2025-06-29,10,46.5,7705.5,5621.75,5521.75,,3060.0,518.0,239.85,4,green,victron+fronius
2025-06-29T11:00:00,2025-06-29,11,63.5,11834.75,7704.75,8192.25,,3670.75,643.33,239.99,4,green,victron+fronius
2025-06-29T12:00:00,2025-06-29,12,84.29,12620.21,7523.5,8356.86,,2745.57,508.0,240.05,14,green,victron+fronius
2025-06-29T13:00:00,2025-06-29,13,96.2,8602.47,6288.33,5906.4,,2851.0,501.67,240.08,15,green,victron+fronius
2025-06-29T14:00:00,2025-06-29,14,99.0,133.25,306.5,2946.75,,2836.75,508.0,240.08,4,green,victron+fronius
2025-06-29T15:00:00,2025-06-29,15,99.0,-580.25,1926.5,2305.5,,4219.75,664.67,240.14,4,green,victron+fronius
2025-06-29T16:00:00,2025-06-29,16,99.0,-7.57,991.57,2667.57,,3445.29,645.0,230.53,7,orange,victron+fronius
2025-06-29T17:00:00,2025-06-29,17,98.5,-2846.75,1553.88,1765.5,,5718.12,728.67,240.25,8,red,victron+fronius
2025-06-29T18:00:00,2025-06-29,18,89.63,-4680.63,3.06,3.58,,4064.56,636.33,239.97,78,red,victron+fronius
2025-06-29T19:00:00,2025-06-29,19,86.33,-5416.24,,,,4680.18,550.88,239.99,49,red,victron+fronius
2025-06-29T20:00:00,2025-06-29,20,74.5,-4170.75,,,,3683.25,416.32,239.89,4,red,victron+fronius
2025-06-29T21:00:00,2025-06-29,21,66.5,-4149.75,,,,3634.25,416.32,240.01,4,red,victron+fronius
2025-06-29T22:00:00,2025-06-29,22,59.0,-3748.75,,,,3360.25,416.32,240.0,4,red,victron+fronius
2025-06-29T23:00:00,2025-06-29,23,53.0,-2556.75,,,,2313.75,416.32,239.97,4,red,victron+fronius
2025-06-30T00:00:00,2025-06-30,0,48.5,-2157.0,,,,1901.75,416.32,240.04,4,red,victron+fronius
2025-06-30T01:00:00,2025-06-30,1,44.5,-1819.75,,,,1591.5,416.32,240.03,4,red,victron+fronius
2025-06-30T02:00:00,2025-06-30,2,41.25,-1790.75,,,,1550.25,416.32,240.0,4,red,victron+fronius
2025-06-30T03:00:00,2025-06-30,3,37.5,-1689.0,,,,1487.5,416.32,240.04,4,red,victron+fronius
2025-06-30T04:00:00,2025-06-30,4,34.5,-1675.0,,,,1480.0,416.32,240.0,4,red,victron+fronius
2025-06-30T05:00:00,2025-06-30,5,31.25,-1649.25,,,,1455.0,416.32,240.03,4,red,victron+fronius
2025-06-30T06:00:00,2025-06-30,6,28.14,-1691.74,1.66,1.62,,1496.86,334.95,239.99,50,red,victron+fronius
2025-06-30T07:00:00,2025-06-30,7,26.0,122.5,833.75,775.75,,1307.0,239.33,240.13,4,red,victron+fronius
2025-06-30T08:00:00,2025-06-30,8,29.5,4815.5,3745.5,3543.5,,1942.0,324.33,239.98,4,red,victron+fronius
2025-06-30T09:00:00,2025-06-30,9,40.5,5220.5,3802.5,3556.0,,1802.25,347.33,239.95,4,orange,victron+fronius
2025-06-30T10:00:00,2025-06-30,10,47.5,2259.75,2308.5,2276.5,,2102.5,378.67,240.08,4,green,victron+fronius
2025-06-30T11:00:00,2025-06-30,11,51.5,2146.0,2624.25,2346.75,,2488.25,460.33,240.02,4,green,victron+fronius
2025-06-30T12:00:00,2025-06-30,12,56.25,3583.25,3129.25,2808.25,,2035.75,380.33,239.91,4,green,victron+fronius
2025-06-30T13:00:00,2025-06-30,13,62.5,2831.25,3511.0,3200.25,,3213.5,587.0,239.93,4,green,victron+fronius
2025-06-30T14:00:00,2025-06-30,14,69.25,10018.83,6632.5,6772.0,,2730.42,529.0,239.91,12,green,victron+fronius
2025-06-30T15:00:00,2025-06-30,15,76.75,3141.75,3058.5,2999.0,,2530.5,441.33,240.78,4,green,victron+fronius
2025-06-30T16:00:00,2025-06-30,16,81.0,988.0,1794.75,1850.0,,2365.5,459.33,239.86,4,orange,victron+fronius
2025-06-30T17:00:00,2025-06-30,17,81.25,-1301.75,858.25,826.0,,2664.0,437.67,240.23,4,red,victron+fronius
2025-06-30T18:00:00,2025-06-30,18,75.92,-3167.23,6.75,6.04,,2831.87,419.0,239.99,52,red,victron+fronius
2025-06-30T19:00:00,2025-06-30,19,73.85,-3474.35,,,,3098.13,428.9,239.99,52,red,victron+fronius
2025-06-30T20:00:00,2025-06-30,20,64.0,-3800.25,,,,3343.0,379.85,240.08,4,red,victron+fronius
2025-06-30T21:00:00,2025-06-30,21,57.0,-3495.0,,,,3137.75,379.85,239.9,4,red,victron+fronius
2025-06-30T22:00:00,2025-06-30,22,51.25,-2640.75,,,,2373.75,379.85,240.13,4,red,victron+fronius
2025-06-30T23:00:00,2025-06-30,23,46.5,-2555.75,,,,2298.0,379.85,240.04,4,red,victron+fronius
